time,timestamp,seconds,connectivity,cpuUser,cpuSystem,cpuNice,cpuIdle,cpuIowait,cpuHardIrq,cpuSoftIrq,tasks,tasksRunning,tasksSleeping,tasksStopped,tasksZombie,ramFree,ramUsed,ramCache,memAvail,iface0RX,iface0TX,iface1RX,iface1TX,numEncrypted,alarmtimer:alarmtimer_fired,alarmtimer:alarmtimer_start,block:block_bio_backmerge,block:block_bio_remap,block:block_dirty_buffer,block:block_getrq,block:block_touch_buffer,block:block_unplug,cachefiles:cachefiles_create,cachefiles:cachefiles_lookup,cachefiles:cachefiles_mark_active,clk:clk_set_rate,cpu-migrations,cs,dma_fence:dma_fence_init,fib:fib_table_lookup,filemap:mm_filemap_add_to_page_cache,gpio:gpio_value,ipi:ipi_raise,irq:irq_handler_entry,irq:softirq_entry,jbd2:jbd2_handle_start,jbd2:jbd2_start_commit,kmem:kfree,kmem:kmalloc,kmem:kmem_cache_alloc,kmem:kmem_cache_free,kmem:mm_page_alloc,kmem:mm_page_alloc_zone_locked,kmem:mm_page_free,kmem:mm_page_pcpu_drain,mmc:mmc_request_start,net:net_dev_queue,net:net_dev_xmit,net:netif_rx,page-faults,pagemap:mm_lru_insertion,preemptirq:irq_enable,qdisc:qdisc_dequeue,random:get_random_bytes,random:mix_pool_bytes_nolock,random:urandom_read,raw_syscalls:sys_enter,raw_syscalls:sys_exit,rpm:rpm_resume,rpm:rpm_suspend,sched:sched_process_exec,sched:sched_process_free,sched:sched_process_wait,sched:sched_switch,sched:sched_wakeup,signal:signal_deliver,signal:signal_generate,skb:consume_skb,skb:kfree_skb,skb:skb_copy_datagram_iovec,sock:inet_sock_set_state,task:task_newtask,tcp:tcp_destroy_sock,tcp:tcp_probe,timer:hrtimer_start,timer:timer_start,udp:udp_fail_queue_rcv_skb,workqueue:workqueue_activate_work,writeback:global_dirty_state,writeback:sb_clear_inode_writeback,writeback:wbc_writepage,writeback:writeback_dirty_inode,writeback:writeback_dirty_inode_enqueue,writeback:writeback_dirty_page,writeback:writeback_mark_inode_dirty,writeback:writeback_pages_written,writeback:writeback_single_inode,writeback:writeback_write_inode,writeback:writeback_written
5.01209,1663778666018,5.012093071,1,2.8,26.3,0.0,70.9,0.0,0.0,0.0,116,1,68,0,2,532684,110508,304880,719644,5916,101255,266,266,0,0,0,8,10,8,2,0,1,0,0,0,0,17,560438,0,8,2,10,2767,214467,5425,0,1,23620,18539,6286,6755,1218,301,1249,252,9,115,115,114,2797,916,1992607,219,12,131,44,389342,389285,131,16,12,14,26,558434,370756,13,18,238,26,24,5,14,1,108,676593,367,0,82,1,0,0,22,1,6,28,1,0,0,1
10.0266,1663778672641,5.014481404,1,1.9,23.9,0.0,74.2,0.0,0.0,0.0,116,1,68,0,2,533692,109492,304888,720656,5606,95877,84,84,0,0,0,13,20,13,7,9,2,0,0,0,0,18,608957,0,8,1,25,2770,258380,5356,2,1,22576,17687,7598,7768,1635,130,1679,189,19,106,106,104,3313,1168,2273779,207,20,125,44,392351,392284,127,18,19,22,37,606873,374320,17,26,235,28,27,8,22,2,97,736956,380,0,99,3,3,6,29,1,9,38,1,12,11,3
15.0402,1663778679278,5.013625154,1,3.0,25.2,0.0,71.8,0.0,0.0,0.0,116,1,68,0,2,532808,110380,304884,719768,6036,102133,84,84,0,0,0,7,17,5,10,0,2,0,0,0,0,10,564820,0,8,1,31,2901,214554,5321,2,1,23478,18443,4323,4642,664,97,687,0,25,113,113,112,1341,394,1992349,221,7,132,7,390396,390340,134,18,7,8,17,562723,374459,12,14,242,39,21,5,8,1,106,700278,354,0,104,3,3,9,10,1,3,13,1,3,2,3
20.0535,1663778685926,5.013288415,1,2.3,26.7,0.0,70.7,0.0,0.0,0.3,116,1,68,0,2,533416,109756,304900,720392,6572,101715,266,266,0,0,0,6,10,6,4,43,2,0,0,0,0,12,608161,0,17,2,15,3001,258975,5634,2,1,24288,19083,8723,9224,1928,342,1954,63,12,120,120,121,4012,1366,2257730,229,32,131,44,395278,395204,140,16,32,35,46,606131,374108,13,38,259,26,30,5,34,1,109,720309,391,0,116,3,3,3,28,1,4,32,1,3,2,3
25.0826,1663778692579,5.029131383,1,2.2,23.7,0.0,74.1,0.0,0.0,0.0,116,1,68,0,2,532864,110320,304888,719840,6069,100331,56,56,0,0,0,5,10,5,5,14,2,0,0,0,0,24,570207,0,11,2,20,1168,233721,5548,1,1,23721,18586,8127,8303,1800,264,1827,126,15,112,112,110,3568,1253,2094015,220,23,131,44,380830,380761,139,18,23,25,41,568383,361758,17,30,244,28,22,8,25,2,103,688418,378,0,104,3,3,4,28,1,3,31,1,3,2,3
30.0952,1663778699286,5.012551696,1,2.1,27.5,0.0,70.1,0.0,0.0,0.3,116,1,68,0,2,533164,109996,304912,720148,6296,101219,84,84,0,0,0,5,9,5,4,0,2,0,0,0,0,5,605400,0,8,1,17,2868,253308,5319,1,1,23322,18320,4314,4506,659,97,686,0,13,113,113,114,1341,381,2255235,221,7,130,7,392809,392755,134,17,7,8,17,603326,376966,12,14,241,41,20,5,8,1,105,746693,343,0,91,3,3,3,12,1,3,15,1,3,2,3
35.1077,1663778705928,5.012526578,1,2.8,30.8,0.0,66.1,0.0,0.0,0.3,116,1,68,0,2,533620,109576,304876,720588,5610,95990,266,266,0,0,0,6,10,6,3,3,2,0,0,0,0,12,600099,0,7,1,15,2689,250415,5286,2,1,22625,17766,6274,6455,1213,301,1249,126,11,111,111,109,2787,922,2209073,211,12,125,44,391256,391199,129,17,12,14,26,597924,373213,13,18,229,26,24,5,14,1,104,728482,361,0,92,3,4,3,25,1,4,29,1,3,2,3
40.1208,1663778712607,5.013110508,1,2.9,31.1,0.0,66.0,0.0,0.0,0.0,117,1,68,0,2,532300,110880,304892,719280,7949,101604,56,56,0,0,0,5,9,5,4,0,2,0,0,0,0,38,578325,0,19,1,16,2692,242892,5708,2,1,24610,19126,16232,16807,3590,955,3642,567,13,125,125,119,7682,2726,2176063,247,32,130,46,385243,385159,147,17,32,39,63,576148,360065,27,44,268,34,39,13,40,3,105,692125,400,0,91,3,4,4,60,1,3,63,1,3,2,3
45.1334,1663778719273,5.012636943,1,2.1,28.1,0.0,69.8,0.0,0.0,0.0,117,1,68,0,2,532312,110848,304912,719300,6044,102262,84,84,0,0,0,5,9,5,4,0,2,0,0,0,0,15,602566,0,12,1,15,2882,255195,5366,1,1,23394,18386,5043,5186,807,41,820,0,12,115,115,113,1669,475,2252231,225,9,131,7,388367,388313,138,15,9,10,20,600628,372043,13,16,245,41,20,7,10,1,106,753164,367,0,90,3,3,3,13,1,3,16,1,3,2,3
50.1463,1663778725948,5.012936580,1,2.6,34.1,0.0,63.3,0.0,0.0,0.0,117,1,68,0,2,532604,110536,304932,719616,5864,101127,266,266,0,0,0,6,10,6,4,2,2,0,0,0,0,8,550872,0,7,2,15,2947,211723,5397,2,1,23711,18617,6289,6811,1225,364,1256,189,13,114,114,113,2795,913,1967686,217,13,131,44,382848,382813,135,17,12,14,26,549017,364184,13,18,234,26,24,5,14,1,107,649981,382,0,90,3,4,3,23,1,4,27,1,3,2,3
55.1601,1663778732586,5.013809173,1,2.8,26.8,0.0,70.5,0.0,0.0,0.0,117,1,68,0,2,532788,110320,304964,719816,6549,101092,56,56,0,0,0,5,9,5,4,6,2,0,0,0,0,8,596522,0,7,2,16,3063,254887,5686,2,1,23894,18572,7782,8008,1655,201,1689,126,128,108,108,109,3328,1180,2230747,213,19,133,44,385704,385640,195,18,19,21,37,594711,366209,20,29,396,31,165,8,22,2,100,723083,518,0,142,3,3,4,29,1,3,32,1,3,2,3
60.173,1663778739298,5.012864887,1,3.2,23.7,0.0,72.9,0.0,0.0,0.3,117,1,68,0,2,532176,110928,304968,719208,6579,103383,84,84,0,0,0,6,9,6,3,4,2,0,0,0,0,11,598318,0,12,1,14,2865,252792,5348,2,1,23486,18449,5054,5203,799,105,804,0,11,117,117,116,1668,478,2219512,229,9,132,7,386888,386837,138,18,9,10,20,596480,370476,13,16,253,41,25,7,10,1,107,749725,350,0,88,3,4,3,15,1,4,19,1,3,2,3
65.1854,1663778745974,5.012395869,1,2.1,28.6,0.0,69.3,0.0,0.0,0.0,117,1,68,0,2,532492,110612,304968,719524,5973,101283,266,266,0,0,0,5,10,5,5,0,2,0,0,0,0,9,555256,0,7,1,20,1263,211754,5179,2,1,23617,18529,6284,6455,1211,490,1238,252,15,116,116,115,2795,917,1949840,221,12,131,44,386598,386541,134,18,12,15,26,553349,368061,13,18,237,26,25,5,14,1,109,658339,366,0,96,3,3,4,26,1,3,29,1,3,2,3
70.1984,1663778752674,5.012963601,1,1.3,29.7,0.0,69.1,0.0,0.0,0.0,117,1,68,0,2,532596,110488,304988,719644,6668,100763,84,84,0,0,0,5,9,5,4,50,2,0,0,0,0,14,554818,0,22,1,15,2945,211087,5532,2,1,24259,19030,10465,10635,2500,368,2533,189,13,118,118,117,4770,1703,1983620,231,43,131,44,390464,390375,142,18,43,45,61,552887,368799,17,50,261,28,25,8,45,2,100,656543,390,0,121,3,3,3,28,1,3,31,1,3,2,3
75.2126,1663778759342,5.014155763,1,1.9,26.0,0.0,72.1,0.0,0.0,0.0,117,1,68,0,2,532264,110824,304984,719308,6242,102516,84,84,0,0,0,6,9,6,3,17,2,0,0,0,0,20,585593,0,17,1,13,2200,235293,5378,2,1,23710,18643,6020,6165,1073,246,1088,189,11,119,119,117,2160,649,2137889,233,17,131,7,392080,392027,144,17,17,18,28,583925,374667,13,24,256,41,20,7,18,1,106,712381,357,0,95,3,4,3,11,1,4,15,1,3,2,3
80.2238,1663778766032,5.011177734,1,3.6,22.7,0.0,73.4,0.0,0.0,0.3,117,1,68,0,2,532464,110620,304988,719516,15593,233136,350,350,0,0,0,0,1,0,1,0,1,0,0,0,0,20,600263,0,18,0,8,3267,252835,5577,0,0,24166,19260,13636,13714,3008,926,2897,378,7,124,124,118,6057,2298,2259951,244,24,130,46,397234,397192,142,14,24,37,55,599979,374268,24,37,268,40,40,10,29,2,107,731011,387,0,87,3,3,3,54,0,0,54,1,2,1,3
85.2374,1663778779143,5.013614393,1,1.8,27.8,0.0,70.4,0.0,0.0,0.0,117,1,68,0,2,532300,110796,304976,719352,6078,102262,84,84,0,0,0,5,8,5,3,0,2,0,0,0,0,12,597662,0,12,1,12,2653,243631,5262,1,1,23519,18478,5042,5587,788,104,816,189,11,117,117,114,1662,477,2200333,229,9,131,7,395313,395263,136,16,9,10,20,595831,378838,13,16,249,41,20,7,10,1,107,734050,347,0,77,3,2,1,12,1,3,15,1,3,2,3
90.2501,1663778785794,5.012704303,1,2.2,26.8,0.0,70.8,0.0,0.0,0.3,117,1,68,0,2,532444,110648,304980,719500,5968,101411,294,294,0,0,0,6,11,6,4,4,2,0,0,0,0,8,550754,0,8,2,12,2944,213470,5268,2,1,23796,18682,6296,6450,1228,112,1248,189,12,116,116,115,2802,920,1987277,221,12,132,44,380965,380906,136,16,12,14,26,548973,362257,13,18,240,26,24,5,14,1,109,659290,373,0,82,3,3,3,22,1,4,26,1,3,2,3
95.2632,1663778792445,5.013063460,1,2.9,29.7,0.0,66.9,0.0,0.0,0.6,117,1,68,0,2,531992,111104,304976,719048,5502,99554,56,56,0,0,0,5,10,5,5,0,2,0,0,0,0,10,598138,0,7,2,17,598,260326,5650,2,1,23562,18462,7073,7538,1467,561,1488,126,122,107,107,105,2946,1063,2240612,211,15,133,44,380941,380887,192,18,14,16,31,596338,362797,17,22,282,34,35,5,16,1,100,731000,499,0,134,3,3,4,26,1,3,29,1,3,2,3
100.276,1663778799120,5.013205744,1,3.2,27.6,0.0,69.1,0.0,0.0,0.0,117,1,68,0,2,532960,110124,304988,720028,6285,102340,84,84,0,0,0,6,10,6,4,8,2,0,0,0,0,13,565513,0,12,1,17,524,223836,5377,2,1,23634,18570,5558,5994,935,112,941,63,13,118,118,116,1904,552,2061871,231,13,131,7,383437,383400,139,18,13,14,24,563680,366498,13,20,257,41,27,7,14,1,108,695890,343,0,89,3,3,3,14,1,4,18,1,3,2,3
105.289,1663778805764,5.013313577,1,3.2,33.8,0.0,63.0,0.0,0.0,0.0,117,1,68,0,2,533392,109688,304992,720460,6174,100240,294,294,0,0,0,5,10,5,5,0,2,0,0,0,0,9,604977,0,7,1,18,2616,262123,5476,2,1,23722,18607,6530,7093,1289,429,1320,126,15,115,115,115,2940,953,2282034,219,13,132,44,386345,386286,133,17,13,15,28,603106,367597,14,19,239,29,26,8,15,2,107,734053,373,0,98,3,3,4,26,1,3,29,1,3,2,3
110.302,1663778812449,5.012812377,1,2.8,32.1,0.0,65.1,0.0,0.0,0.0,117,1,68,0,2,531980,111108,304984,719048,5646,100725,56,56,0,0,0,5,9,5,4,0,2,0,0,0,0,14,555720,0,8,1,16,641,216437,5257,2,1,23492,18415,7021,7186,1465,307,1490,63,13,109,109,106,2935,1068,1994897,215,14,130,44,382061,382027,130,18,14,16,31,553777,363931,16,21,234,34,21,5,16,1,99,669278,353,0,95,3,3,3,29,1,3,32,1,3,2,3
115.315,1663778819129,5.012515593,1,2.6,28.4,0.0,68.6,0.0,0.0,0.3,117,1,68,0,2,533500,109588,304984,720568,8975,103281,84,84,0,0,0,6,10,6,4,51,2,0,0,0,0,26,568816,0,35,1,17,3975,227555,5920,2,1,25407,19832,17115,17280,3695,601,3708,315,12,136,136,131,7670,2619,2099771,267,50,131,9,393183,393083,159,16,50,56,74,566923,366557,23,62,300,47,41,12,56,2,111,666600,406,0,119,3,3,3,39,1,4,43,1,3,2,3
120.328,1663778825789,5.013046734,1,3.4,27.7,0.0,68.3,0.0,0.0,0.6,117,1,68,0,2,532468,110660,304944,719520,5790,97291,294,294,0,0,0,5,10,5,5,0,2,0,0,0,0,10,594453,0,9,1,20,1479,246868,5438,2,1,23002,18064,6511,7013,1287,492,1320,63,15,114,114,112,2942,959,2191110,217,13,128,44,389974,389921,136,18,13,15,28,592595,371637,14,19,236,27,24,8,15,2,105,714565,379,0,91,3,3,4,27,1,3,30,1,3,2,3
125.341,1663778832473,5.013185383,1,2.8,30.5,0.0,65.8,0.0,0.0,0.8,117,1,68,0,2,532360,110756,304956,719424,5582,95668,56,56,0,0,0,6,10,6,4,2,2,0,0,0,0,12,571975,0,7,2,18,2315,229982,5271,2,1,22383,17544,7020,7181,1468,309,1485,126,13,105,105,105,2937,1060,2104003,207,14,125,44,383314,383261,127,17,14,16,31,570154,365713,16,21,226,34,22,5,16,1,100,678315,347,0,90,3,3,3,25,1,4,29,1,3,2,3
130.355,1663778839123,5.013711723,1,1.2,28.4,0.0,70.1,0.0,0.0,0.3,117,1,68,0,2,532392,110716,304964,719464,6854,102312,84,84,0,0,0,5,10,5,5,0,2,0,0,0,0,14,595381,0,13,2,21,770,247886,5379,1,1,23456,18428,5058,5204,794,41,806,63,15,117,117,119,1662,463,2198500,228,9,131,7,388763,388717,138,18,9,10,20,593939,372450,13,16,255,43,24,7,10,1,107,737417,366,0,91,3,3,4,12,1,3,15,1,3,2,3
135.368,1663778845756,5.012522246,1,2.3,26.1,0.0,71.3,0.0,0.0,0.3,117,2,68,0,2,532296,110820,304956,719360,6198,100318,294,294,0,0,0,5,8,5,3,0,2,0,0,0,0,15,550554,0,7,1,14,2615,212093,5318,1,1,23621,18536,6518,6794,1276,368,1314,189,11,117,117,116,2938,944,1977305,223,13,131,44,381789,381730,134,17,13,15,27,548634,363029,14,19,243,27,28,8,15,2,108,650302,378,0,83,3,4,3,21,1,3,24,1,3,2,3
140.382,1663778852413,5.013653104,1,2.2,25.2,0.0,72.6,0.0,0.0,0.0,117,1,68,0,2,532248,110856,304968,719324,5658,100675,56,56,0,0,0,6,11,6,4,4,2,0,0,0,0,10,566408,0,7,1,19,2914,228665,5308,2,1,23562,18474,7028,7183,1474,182,1486,126,12,108,108,107,2933,1058,2062762,213,15,130,44,380761,380704,132,15,14,16,31,564593,362624,16,21,232,34,21,5,16,1,102,693055,367,0,94,3,3,3,27,1,4,31,1,3,2,3
145.396,1663778859073,5.013572097,1,2.3,31.6,0.0,66.1,0.0,0.0,0.0,117,1,68,0,2,532816,110280,304976,719904,6070,102133,84,84,0,0,0,5,9,5,4,4,2,0,0,0,0,10,594974,0,8,1,17,3050,252352,5528,2,1,23885,18648,4984,5133,817,110,837,0,117,113,113,112,1581,470,2196888,221,11,134,7,385099,385043,198,17,11,12,21,593163,367934,13,19,379,40,131,5,12,1,106,743293,476,0,133,3,3,4,11,1,3,14,1,3,2,3
150.409,1663778865770,5.012995363,1,3.0,25.8,0.0,70.5,0.0,0.0,0.6,117,1,68,0,2,532548,110560,304964,719624,5760,96196,294,294,0,0,0,5,9,5,4,0,2,0,0,0,0,15,600487,0,8,1,17,688,255366,5335,1,1,22634,17770,6495,6674,1285,240,1323,126,13,113,113,111,2943,950,2240906,215,13,127,44,386810,386758,131,18,13,15,27,598619,368670,14,19,234,27,24,8,15,2,104,738224,346,0,85,3,3,3,22,1,3,25,1,3,2,2
155.422,1663778872473,5.012866798,1,2.4,25.8,0.0,71.8,0.0,0.0,0.0,117,1,68,0,2,532440,110664,304968,719528,8017,103171,56,56,0,0,0,5,7,5,2,0,1,0,0,0,0,36,529059,0,18,2,11,3835,195988,5653,0,1,24769,19262,16179,16668,3575,695,3604,441,9,122,122,119,7526,2715,1890590,241,31,130,46,383802,383726,142,16,31,38,61,527538,358446,26,43,264,42,38,10,38,2,104,626189,372,0,78,1,0,0,56,0,0,56,1,0,0,1
160.435,1663778879123,5.012662293,1,4.2,30.5,0.0,65.3,0.0,0.0,0.0,117,1,68,0,2,532692,110404,304976,719788,6121,101168,84,84,0,0,0,5,7,5,2,0,1,0,0,0,0,5,610496,0,8,1,11,2848,260565,5202,0,1,23273,18278,4312,4784,658,33,679,0,9,113,113,112,1342,375,2265884,221,7,130,7,390682,390638,132,15,7,8,17,608829,374859,12,14,241,39,21,5,8,1,106,777867,335,0,79,1,0,0,12,0,0,12,1,0,0,1
165.448,1663778885820,5.012768687,1,3.0,28.4,0.0,68.4,0.0,0.0,0.3,117,1,68,0,2,532284,110816,304972,719376,6852,101134,294,294,0,0,0,5,7,5,2,12,1,0,0,0,0,22,540602,0,23,1,11,1469,207773,5482,0,1,23928,18782,7502,8063,1574,447,1608,126,9,125,125,124,3423,1136,1959800,237,21,131,44,377505,377444,144,15,21,23,36,538850,357801,14,27,267,27,28,8,23,2,108,634341,374,0,89,1,0,0,24,0,0,24,1,0,0,1
170.46,1663778892485,5.011905654,1,2.3,28.7,0.0,68.7,0.0,0.0,0.3,117,1,68,0,2,532692,110400,304980,719792,5728,96965,56,56,0,0,0,5,7,5,2,0,1,0,0,0,0,10,570039,0,12,1,11,2397,233790,5254,0,1,22703,17795,7014,7170,1470,370,1487,252,9,109,109,108,2935,1057,2091587,214,14,126,44,378167,378112,133,15,14,16,31,568139,360421,16,21,237,34,22,5,16,1,99,696645,348,0,79,1,0,0,29,0,1,30,1,0,0,1
175.473,1663778899172,5.013015811,1,1.3,31.1,0.0,67.5,0.0,0.0,0.0,117,1,68,0,2,533228,109856,304988,720336,7078,101270,84,84,0,0,0,5,9,5,4,0,2,0,0,0,0,7,619124,0,10,2,17,2871,269495,5306,0,1,23432,18395,4331,4474,658,97,689,63,12,115,115,116,1341,394,2324121,225,7,131,7,390401,390355,134,14,7,8,17,617372,374515,12,14,258,39,32,5,8,1,105,783558,359,0,87,1,2,4,9,1,3,12,1,2,1,2
180.486,1663778905866,5.013363623,1,2.9,29.4,0.0,66.5,0.0,0.0,1.3,117,1,68,0,2,533056,110020,304996,720172,6405,101439,266,266,0,0,0,6,10,6,4,2,2,0,0,0,0,10,543221,0,7,1,17,2946,210867,5527,2,1,23583,18505,6524,7036,1276,52,1309,0,13,117,117,116,2936,967,1964139,223,13,131,44,375926,375869,133,17,13,15,28,541346,357186,14,19,245,27,29,8,15,2,109,649321,369,0,75,0,0,0,24,0,1,25,0,0,0,0
185.506,1663778912553,5.020206130,1,1.5,29.0,0.0,69.5,0.0,0.0,0.0,117,1,68,0,2,532992,110084,304996,720108,5614,101847,56,56,0,0,0,5,7,5,2,0,1,0,0,0,0,10,582848,0,7,1,11,840,242237,5257,0,1,23488,18406,7011,7168,1472,244,1485,63,9,108,108,105,2929,1061,2168615,213,14,130,44,383272,383215,132,16,14,16,31,580913,365136,16,21,232,34,21,5,16,1,99,715334,349,0,84,1,0,0,26,0,0,26,1,0,0,1
190.519,1663778919297,5.012743611,1,2.6,21.1,0.0,75.7,0.0,0.0,0.6,118,1,68,0,2,532820,110224,305028,719956,15788,220565,1410,1410,0,0,0,5,7,5,2,0,1,0,0,0,0,15,586718,0,10,1,11,3565,245632,5473,0,1,24387,18559,8939,10192,1666,274,1962,378,163,113,113,113,3933,1099,2175350,221,18,134,7,386030,385966,226,16,18,14,38,584787,366177,20,34,404,41,146,5,25,1,105,737327,537,0,143,1,0,0,34,0,1,35,1,0,0,1
195.532,1663778932025,5.012696739,1,4.3,26.2,0.0,69.5,0.0,0.0,0.0,118,1,68,0,2,532204,110792,305076,719368,6098,101847,56,56,0,0,0,5,10,5,5,0,2,0,0,0,0,16,554894,0,11,1,20,2358,212210,5588,0,1,23661,18548,7762,8172,1596,252,1604,63,15,111,111,110,3262,1142,2020577,219,16,131,44,386421,386359,137,17,16,16,34,553043,367722,17,23,242,36,25,7,18,1,103,668010,364,0,93,1,2,5,27,1,3,30,1,2,1,2
200.544,1663778938666,5.012112739,1,4.2,26.3,0.0,69.5,0.0,0.0,0.0,118,1,68,0,2,533268,109712,305092,720444,6364,101507,56,56,0,0,0,6,11,6,4,2,2,0,0,0,0,2,548951,0,7,2,18,2902,207897,5097,2,1,23068,18033,2273,2853,312,23,354,63,12,111,111,110,612,182,1909093,220,4,131,7,380363,380326,132,16,4,5,11,547411,366373,9,10,242,33,21,8,4,2,103,674910,347,0,89,3,3,3,3,1,4,7,1,3,2,3
205.556,1663778945351,5.012370751,1,2.5,31.7,0.0,65.2,0.0,0.0,0.6,118,1,68,0,2,532540,110440,305092,719716,6824,100134,294,294,0,0,0,6,11,6,5,4,3,0,0,0,0,16,554150,0,9,2,17,2932,214862,5112,3,1,23765,18646,6316,6532,1221,428,1260,378,15,115,115,118,2800,921,2011081,217,12,131,44,382638,382578,134,20,12,14,25,552208,363978,13,18,245,28,32,5,14,1,107,661069,358,0,93,3,3,4,26,1,4,30,1,3,2,2
210.57,1663778952017,5.013537284,1,0.9,26.3,0.0,72.7,0.0,0.0,0.0,118,1,68,0,2,533204,109768,305100,720388,11401,103879,8955,8955,0,0,0,5,7,5,2,6,1,0,0,0,0,18,549393,0,17,2,9,2912,205629,5563,0,1,23780,18660,8232,8516,1819,321,1830,63,9,156,157,150,3562,1330,1966390,255,19,130,46,388165,388104,150,16,19,21,37,547427,368576,17,26,282,38,49,16,21,3,138,655372,384,0,89,1,0,0,25,0,0,25,1,0,0,1
215.583,1663778958690,5.013112735,1,2.2,27.6,0.0,70.2,0.0,0.0,0.0,118,1,68,0,2,532700,110256,305116,719896,6316,101813,56,56,0,0,0,5,7,5,2,0,1,0,0,0,0,6,587274,0,13,1,11,1417,241821,5094,0,1,23205,18174,2447,2945,326,24,352,63,9,117,117,115,617,148,2176756,231,4,136,7,384569,384525,141,16,4,4,11,585398,370298,9,10,252,39,19,8,4,2,105,740263,344,0,84,1,0,0,5,0,1,6,1,0,0,1
220.596,1663778965376,5.012880208,1,2.6,30.5,0.0,67.0,0.0,0.0,0.0,118,1,68,0,2,532416,110512,305144,719620,5894,101307,294,294,0,0,0,5,7,5,2,0,1,0,0,0,0,9,551071,0,10,1,9,2950,210113,5357,0,1,23678,18589,6282,6452,1217,742,1251,378,9,116,116,114,2801,929,1955554,219,12,131,44,384548,384499,135,16,12,14,25,549187,365840,13,18,239,26,24,5,14,1,107,658821,360,0,81,1,0,0,23,0,0,23,1,0,0,1
225.609,1663778972024,5.013039070,1,1.7,26.4,0.0,71.9,0.0,0.0,0.0,117,1,68,0,2,532204,110712,305156,719424,6026,100569,56,56,0,0,0,5,7,5,2,0,1,0,0,0,0,12,559379,0,8,1,10,2891,224236,5212,0,1,23552,18454,7018,7508,1477,560,1494,189,8,108,108,110,2937,1068,2014913,213,15,130,44,378164,378109,126,14,14,17,31,557578,360020,16,21,238,34,25,5,16,1,101,694496,368,0,77,1,0,0,30,0,0,30,1,0,0,1
230.622,1663778978665,5.012800221,1,2.5,27.9,0.0,69.7,0.0,0.0,0.0,117,1,68,0,2,532408,110592,305072,719584,8505,102879,56,56,0,0,0,5,10,5,5,1,2,0,0,0,0,13,544351,0,18,2,20,3861,204539,5542,0,1,24355,18900,11418,11641,2410,977,2419,504,15,125,125,122,5213,1795,1970676,247,21,131,7,385605,385539,147,18,21,26,41,542002,364442,19,32,265,40,32,13,26,3,108,649203,385,0,89,1,2,5,40,1,3,43,1,1,0,2
235.636,1663778985311,5.014462069,1,1.6,24.7,0.0,73.4,0.0,0.0,0.3,117,1,68,0,2,532360,110620,305092,719556,5872,99248,294,294,0,0,0,6,8,6,2,4,1,0,0,0,0,24,603769,0,10,1,11,2224,256454,5522,0,1,23459,18304,6950,7127,1384,380,1407,189,125,115,115,115,3044,1007,2249283,217,16,130,44,391002,390948,190,15,16,18,29,602195,371625,14,23,377,27,134,5,18,1,105,730870,507,0,130,1,0,0,24,0,2,26,1,0,0,1
240.649,1663778991991,5.013049365,1,3.4,26.0,0.0,70.5,0.0,0.0,0.0,117,1,68,0,2,532140,110832,305100,719340,5502,100675,56,56,0,0,0,5,7,5,2,0,1,0,0,0,0,10,548520,0,7,1,11,2269,211091,5282,0,1,23549,18457,7008,7171,1449,245,1483,126,9,108,108,105,2939,1082,1943214,213,14,131,44,380434,380377,132,15,14,16,31,546614,362229,16,21,232,34,21,5,16,1,100,664883,353,0,85,1,0,0,26,0,0,26,1,0,0,1
245.662,1663778998674,5.012803984,1,2.9,23.1,0.0,73.9,0.0,0.0,0.0,117,1,68,0,2,532068,110904,305100,719268,6232,102600,56,56,0,0,0,5,7,5,2,0,1,0,0,0,0,5,561736,0,8,1,11,2881,212159,5152,0,1,23087,18069,2273,2826,316,86,354,0,9,113,113,111,611,168,1975084,223,4,132,7,388446,388398,133,16,4,4,11,559631,374267,9,10,242,34,17,8,4,2,103,688055,343,0,72,1,0,0,6,0,0,6,1,0,0,1
250.675,1663779005337,5.012898538,1,2.5,25.6,0.0,71.9,0.0,0.0,0.0,117,1,68,0,2,532960,110016,305096,720164,5982,101334,294,294,0,0,0,5,7,5,2,0,1,0,0,0,0,16,533471,0,12,1,10,1939,194212,5308,0,1,24053,18935,9102,9606,1747,386,1757,252,8,118,118,116,3986,1244,1865652,223,18,131,44,384568,384481,131,14,17,21,34,531501,363827,16,23,243,29,25,7,17,1,110,639182,354,0,76,1,0,0,30,0,0,30,1,0,0,1
255.688,1663779011991,5.012658556,1,3.0,28.9,0.0,67.2,0.0,0.0,0.9,117,1,68,0,2,532188,110784,305100,719400,5686,98797,56,56,0,0,0,5,10,5,5,0,2,0,0,0,0,15,576805,0,7,2,19,2889,229804,5268,0,1,23215,18193,7019,7176,1452,309,1487,63,15,108,108,107,2941,1062,2097747,213,14,129,44,389377,389318,130,18,14,16,31,574819,371362,16,21,232,34,22,5,16,1,102,702107,349,0,88,1,2,5,29,1,3,32,1,1,0,2
260.701,1663779018642,5.013030696,1,2.4,29.1,0.0,68.5,0.0,0.0,0.0,116,1,68,0,2,532352,110612,305108,719572,6363,101606,56,56,0,0,0,10,16,9,6,10,3,0,0,0,0,2,551469,0,11,4,23,2891,211580,5126,3,1,23016,18022,2406,2561,321,23,343,63,16,117,116,115,614,153,1983518,231,4,131,6,379081,379039,143,18,4,4,11,549653,365035,9,10,246,34,17,8,4,2,106,680280,346,0,95,1,1,0,8,0,3,11,1,2,2,2
265.714,1663779025304,5.012759711,1,2.2,20.9,0.0,76.9,0.0,0.0,0.0,115,1,67,0,2,532904,110064,305104,720128,6736,102937,294,294,0,0,0,5,7,5,2,0,1,0,0,0,0,16,532137,0,21,1,10,2592,200713,5424,0,1,24139,19001,9104,9646,1740,386,1744,189,9,124,124,123,3995,1248,1898023,235,19,131,44,377587,377517,143,16,18,21,37,530137,356613,18,25,264,29,29,7,21,1,110,627995,363,0,76,1,0,0,29,0,0,29,1,0,0,1
270.727,1663779031931,5.012901090,1,2.4,17.2,0.0,80.1,0.0,0.0,0.3,116,1,68,0,2,531792,111112,305168,719044,15294,226742,140,140,0,0,0,0,0,0,0,1,0,0,0,0,1,7,568898,0,18,0,7,1580,216945,5561,0,0,23655,18848,6507,6051,1266,685,1011,189,5,126,126,121,2166,985,2005170,249,8,131,8,395533,395505,142,11,7,15,16,568546,377947,11,12,269,41,34,10,8,2,110,690383,350,0,69,1,0,0,8,0,0,8,1,0,0,1
275.74,1663779044976,5.012786594,1,1.4,26.4,0.0,71.6,0.0,0.0,0.7,116,1,68,0,2,532288,110624,305160,719544,5982,102377,294,294,0,0,0,5,7,5,2,0,1,0,0,0,0,21,565587,0,12,1,9,2922,217693,5447,0,1,24394,19090,9300,9773,1747,391,1781,252,143,119,119,117,4000,1258,2036589,225,18,135,44,394511,394444,214,15,18,21,37,563638,372764,19,26,407,30,153,7,21,1,109,643946,535,0,136,1,0,0,32,0,0,32,1,0,0,1
280.977,1663779051657,5.236936104,1,2.4,28.1,0.0,69.3,0.0,0.0,0.3,117,1,68,0,2,532832,110068,305172,720100,6326,105264,84,84,0,0,0,7,11,7,4,1,2,0,0,0,0,11,576656,0,8,2,17,3007,221078,5482,3,1,24577,19288,6402,6023,1287,180,1201,126,13,117,117,117,2510,911,2076537,229,11,137,45,400772,400714,136,16,14,11,27,574941,381993,15,17,253,41,26,7,16,1,107,701537,362,0,90,1,1,0,22,1,5,27,1,2,2,2
285.99,1663779058549,5.013241284,1,3.3,28.8,0.0,67.9,0.0,0.0,0.0,117,1,68,0,2,532012,110896,305164,719272,5849,100977,56,56,0,0,0,5,7,5,2,0,1,0,0,0,0,5,598230,0,7,1,11,1925,245317,5049,0,1,23087,18082,2129,2294,265,21,288,0,9,111,111,110,470,129,2180605,219,3,132,6,390979,390938,135,16,3,3,9,596274,376914,8,9,236,35,17,5,3,1,105,755400,340,0,81,1,0,0,5,0,0,5,1,0,0,1
291.003,1663779065216,5.012921199,1,2.4,25.6,0.0,70.6,0.0,0.0,1.4,117,1,68,0,2,532312,110584,305176,719588,5825,96197,294,294,0,0,0,5,7,5,2,0,1,0,0,0,0,22,585456,0,12,2,10,2446,243947,5478,0,1,22721,17903,9089,9610,1755,448,1753,378,9,113,113,112,3998,1246,2177309,213,18,124,44,385155,385095,132,14,18,21,37,583595,364964,17,24,233,29,26,7,21,1,104,693842,350,0,79,0,0,0,32,0,0,32,0,0,0,0
296.016,1663779071906,5.013249280,1,2.7,25.7,0.0,71.3,0.0,0.0,0.3,117,1,68,0,2,531564,111328,305180,718844,5472,92745,84,84,0,0,0,5,7,5,2,0,1,0,0,0,0,15,541119,0,8,1,10,2483,208655,4924,0,1,21554,16904,6996,7140,1469,244,1485,126,8,103,103,103,2941,1060,1953286,201,14,120,44,373241,373186,120,13,14,16,31,539312,356091,16,21,221,34,22,5,16,1,96,662070,324,0,74,1,0,0,28,0,0,28,1,0,0,1
301.03,1663779078575,5.014101462,1,1.3,26.2,0.0,71.8,0.0,0.0,0.6,117,1,68,0,2,531516,111368,305188,718804,6004,101055,56,56,0,0,0,5,7,5,2,0,1,0,0,0,0,5,578195,0,7,1,11,2069,231432,5062,0,1,23108,18091,2129,2633,266,20,293,0,9,113,113,111,470,131,2099097,223,3,131,6,385558,385515,132,15,3,3,9,576270,371408,8,9,238,35,18,5,3,1,106,719044,324,0,73,1,0,0,6,0,0,6,1,0,0,1
306.042,1663779085229,5.012310649,1,1.8,29.4,0.0,68.8,0.0,0.0,0.0,117,1,68,0,2,532424,110456,305192,719712,8423,103926,294,294,0,0,0,5,10,5,5,0,2,0,0,0,0,35,549620,0,25,1,20,3489,217103,6034,0,1,25274,19749,18264,18771,3821,1400,3860,882,15,133,133,129,8556,2890,2027650,253,35,130,46,385554,385463,154,17,35,43,67,548016,357532,27,46,277,37,42,12,43,2,113,626275,424,0,90,1,2,5,60,1,3,63,1,1,0,2
311.058,1663779091895,5.015834508,1,3.0,29.9,0.0,66.0,0.0,0.0,1.2,117,1,68,0,2,532084,110784,305204,719376,6218,101443,84,84,0,0,0,7,9,7,2,14,1,0,0,0,0,12,604720,0,19,2,10,549,263418,5558,0,1,23768,18649,8002,7930,1765,200,1772,126,8,113,113,113,3414,1252,2284918,223,22,131,44,385181,385116,135,14,22,19,38,602813,366017,16,29,248,34,21,5,24,1,101,730026,377,0,88,1,0,0,27,0,2,29,1,0,0,1
316.071,1663779098572,5.013330724,1,2.5,25.3,0.0,71.0,0.0,0.0,1.2,117,1,68,0,2,531752,111120,305200,719048,6053,101181,56,56,0,0,0,5,7,5,2,0,1,0,0,0,0,2,564915,0,11,1,12,498,223099,5006,0,1,23112,18092,2128,2293,264,20,287,0,9,113,113,112,476,140,2001512,223,4,131,6,380668,380623,133,16,3,3,9,563073,366626,8,9,242,35,17,5,3,1,105,706529,339,0,78,1,0,0,7,0,0,7,1,0,0,1
321.084,1663779105239,5.013036858,1,2.4,26.8,0.0,69.9,0.0,0.0,0.9,117,1,68,0,2,532312,110544,305216,719624,5826,101334,294,294,0,0,0,5,7,5,2,0,1,0,0,0,0,17,556735,0,12,2,9,2684,217858,5662,0,1,24012,18902,9100,9252,1755,448,1766,378,9,119,120,116,3993,1254,2001975,226,18,131,44,384608,384542,135,15,18,21,37,554780,363733,18,25,247,29,25,7,21,1,109,653407,388,0,78,1,0,0,29,0,0,29,1,0,0,1
326.098,1663779111885,5.013849848,1,3.9,26.9,0.0,68.7,0.0,0.0,0.6,118,1,68,0,2,531880,110972,305220,719196,5450,96581,84,84,0,0,0,5,7,5,2,6,1,0,0,0,0,11,582745,0,7,1,11,3066,241957,5568,0,1,23662,18439,6275,6471,1371,313,1065,252,134,101,101,100,2578,948,2138549,199,15,133,17,383701,383648,194,16,15,15,29,580885,365558,15,21,378,36,152,8,18,2,93,711185,526,0,137,1,0,0,13,0,1,14,1,0,0,1
331.111,1663779118603,5.013088373,1,2.0,31.7,0.0,66.0,0.0,0.0,0.3,118,1,68,0,2,531864,110984,305224,719184,6199,101027,56,56,0,0,0,5,11,5,6,0,2,0,0,0,0,3,556791,0,8,1,26,2355,211822,4995,0,1,23079,18078,2139,2647,262,20,285,0,17,112,112,113,470,139,1952563,221,3,131,6,383798,383729,137,15,3,3,9,554848,369714,8,9,237,37,17,5,3,1,105,685074,334,0,90,1,2,6,5,1,3,8,1,1,0,2
336.124,1663779125240,5.012891260,1,2.8,23.0,0.0,73.9,0.0,0.0,0.3,118,1,68,0,2,531548,111296,305228,718872,6183,101412,294,294,0,0,0,7,10,7,3,2,2,0,0,0,0,19,557286,0,12,1,14,2928,213088,5593,2,1,23968,18872,9133,9609,1740,259,1748,315,11,119,119,118,3993,1249,1988268,225,18,130,44,389920,389857,140,17,18,21,37,555512,369060,17,24,246,29,26,7,21,1,110,638076,383,0,85,1,1,0,30,0,2,32,1,2,2,2
341.147,1663779131907,5.023176940,1,3.6,27.0,0.0,68.4,0.0,0.0,1.0,118,1,68,0,2,532432,110408,305232,719760,5894,101039,84,84,0,0,0,5,7,5,2,0,1,0,0,0,0,14,572418,0,7,1,10,1648,230560,5513,0,1,23594,18509,7265,7396,1517,249,1484,126,8,113,113,112,3077,1095,2081330,223,15,131,44,385733,385676,131,13,15,11,32,570965,367283,17,22,243,35,23,8,17,2,105,696466,347,0,77,1,0,0,29,0,0,29,1,0,0,1
346.16,1663779138634,5.012641868,1,2.4,24.2,0.0,71.7,0.0,0.0,1.7,118,1,68,0,2,532260,110584,305228,719588,7910,102427,56,56,0,0,0,5,7,5,2,1,1,0,0,0,0,20,541754,0,18,1,11,1490,208451,5484,0,1,24422,18969,11287,11464,2333,655,2368,693,9,126,126,121,5041,1757,1974038,249,20,131,8,379643,379576,146,15,20,25,39,539976,358383,18,31,269,41,34,10,25,2,109,654361,362,0,79,1,0,0,34,0,1,35,1,0,0,1
351.174,1663779145297,5.013645823,1,2.5,25.9,0.0,71.6,0.0,0.0,0.0,118,1,68,0,2,532604,110236,305232,719928,5930,100291,294,294,0,0,0,5,7,5,2,0,1,0,0,0,0,24,579151,0,12,2,9,2862,234960,5300,0,1,23853,18784,9116,9162,1749,385,1770,189,8,118,118,116,4003,1264,2105570,223,18,130,44,389682,389610,131,13,18,20,37,577229,368825,18,25,243,29,25,7,21,1,108,698403,361,0,76,1,0,0,31,0,0,31,1,0,0,1
356.189,1663779151947,5.014597638,1,3.1,30.1,0.0,66.3,0.0,0.0,0.6,118,1,68,0,2,532244,110588,305240,719588,5941,99968,84,84,0,0,0,5,11,5,6,0,2,0,0,0,0,26,535171,0,9,1,21,1610,199043,5471,0,1,23413,18361,7256,7311,1523,121,1558,0,17,111,111,109,3076,1097,1865873,219,16,130,44,379259,379199,137,17,15,16,32,533163,361060,17,22,239,35,22,8,17,2,102,649546,379,0,93,1,2,6,27,1,3,30,1,1,0,2
361.202,1663779158624,5.013074738,1,2.2,26.2,0.0,70.8,0.0,0.0,0.9,118,1,68,0,2,531628,111208,305236,718968,6381,101691,56,56,0,0,0,5,7,5,2,4,1,0,0,0,0,2,623521,0,21,1,10,2889,270766,5314,0,1,23261,18214,2625,2778,401,28,428,0,9,118,118,117,712,231,2326109,233,7,132,6,392121,392075,142,16,7,7,13,621699,377620,8,13,257,35,17,5,7,1,105,788199,351,0,84,1,0,0,4,0,0,4,1,1,1,2
366.216,1663779165297,5.013634156,1,2.4,25.1,0.0,71.4,0.0,0.0,1.0,118,1,68,0,2,531848,110976,305248,719196,6299,101639,294,294,0,0,0,9,14,9,4,10,2,0,0,0,0,21,566735,0,15,1,16,2910,227506,5526,3,1,24087,18959,8920,9420,1746,134,1773,0,13,120,120,119,3912,1246,2063132,227,20,131,44,385137,385075,137,17,20,23,38,564902,364190,17,27,253,27,28,5,23,1,109,652516,358,0,88,1,1,0,34,0,3,37,1,1,1,2
371.229,1663779172017,5.013468942,1,2.1,27.9,0.0,69.4,0.0,0.0,0.6,118,1,68,0,2,532912,109904,305256,720272,5554,98745,56,56,0,0,0,5,7,5,2,0,1,0,0,0,0,14,563575,0,7,2,11,727,226570,5430,0,1,23727,18459,7409,7879,1524,317,1568,189,133,109,109,105,3082,1108,2058994,215,15,132,44,380608,380554,195,16,15,17,33,561859,361865,18,23,364,36,122,8,17,2,99,678377,508,0,119,1,0,0,26,0,0,26,1,0,0,1
376.251,1663779178705,5.021911230,1,3.3,25.1,0.0,71.0,0.0,0.0,0.7,118,1,68,0,2,532164,110628,305280,719536,6139,100386,56,56,0,0,0,5,7,5,2,0,1,0,0,0,0,2,619771,0,7,1,10,2869,269581,5435,0,1,22961,17976,2212,2333,269,20,293,63,8,112,112,112,473,122,2324835,221,3,131,7,388727,388677,130,14,3,3,9,617620,374646,8,9,239,38,20,5,3,1,106,796964,326,0,82,1,0,0,6,0,1,7,1,0,0,1
381.264,1663779185374,5.012988555,1,4.4,25.0,0.0,70.3,0.0,0.0,0.3,119,1,68,0,2,532444,110316,305312,719836,16805,248149,378,378,0,0,0,5,7,5,2,0,1,0,0,0,0,25,534512,0,15,1,9,3282,203041,5520,0,1,24588,18870,13943,14791,3108,553,3032,441,9,121,121,120,7111,2335,1931849,229,29,130,46,381168,381086,140,16,29,38,57,532631,356540,24,42,255,31,37,7,37,1,110,614054,376,0,79,1,0,0,57,0,0,57,1,0,0,1
386.276,1663779199273,5.012467332,1,1.9,24.9,0.0,72.0,0.0,0.0,1.2,119,1,68,0,2,532492,110272,305308,719880,6018,101090,84,84,0,0,0,5,7,5,2,0,1,0,0,0,0,4,616985,0,8,1,11,493,263365,5069,0,1,23162,18138,2205,2554,267,19,292,63,9,113,113,112,473,129,2299581,221,3,132,7,392529,392476,132,15,3,3,8,615156,378368,8,9,240,38,19,5,3,1,106,791300,320,0,77,1,0,0,8,1,3,11,1,0,0,1
391.289,1663779205937,5.013337139,1,3.0,27.6,0.0,68.8,0.0,0.0,0.6,119,1,68,0,2,532304,110460,305308,719692,5930,101334,294,294,0,0,0,7,10,7,3,4,2,0,0,0,0,15,586390,0,11,2,14,2916,241864,5582,3,1,24035,18930,9142,9290,1741,386,1755,189,11,118,118,116,3992,1264,2158244,223,18,131,44,390278,390216,139,17,18,21,37,584442,369353,18,25,242,29,25,7,21,1,109,704715,362,0,81,1,1,0,30,0,2,32,1,1,1,2
396.303,1663779212583,5.013789447,1,3.0,29.6,0.0,67.1,0.0,0.0,0.3,119,1,68,0,2,531624,111120,305328,719032,5652,100881,56,56,0,0,0,5,7,5,2,0,1,0,0,0,0,14,587901,0,8,1,11,2351,245186,5346,0,1,23483,18405,7257,7425,1535,499,1572,63,9,110,110,107,3084,1110,2181408,217,15,131,44,385501,385446,134,15,15,17,33,585980,367232,17,22,237,35,21,8,17,2,100,729176,352,0,83,1,0,0,27,0,0,27,1,0,0,1
401.316,1663779219260,5.013218692,1,3.7,31.4,0.0,64.3,0.0,0.0,0.6,119,2,68,0,2,531828,110912,305332,719240,6042,101192,84,84,0,0,0,5,7,5,2,16,1,0,0,0,0,4,604564,0,10,2,10,2875,261524,5325,0,1,28028,21331,7056,7151,577,88,582,0,8,114,114,113,1078,378,2261845,223,6,132,15,389229,389182,131,14,5,5,11,602528,367860,8,10,273,44,58,5,5,1,106,761330,981,0,87,1,0,0,310,7,0,310,1,0,0,1
406.329,1663779225950,5.013414487,1,2.5,35.9,0.0,60.5,0.0,0.0,1.1,119,1,68,0,2,531780,110964,305328,719196,6526,100696,294,294,0,0,0,7,14,7,7,5,3,0,0,0,0,19,588420,0,19,1,16,1044,254219,5756,2,1,24036,18905,8897,9069,1746,324,1782,126,19,119,119,120,3924,1266,2207959,227,20,130,44,379660,379595,139,20,20,23,38,586534,358818,17,27,252,29,25,5,23,1,107,713493,386,0,91,3,3,5,29,1,5,34,1,3,2,3
411.343,1663779232672,5.013556999,1,3.3,28.6,0.0,68.1,0.0,0.0,0.0,118,1,68,0,2,532576,110160,305336,720000,6093,101215,56,56,0,0,0,5,10,5,5,0,2,0,0,0,0,10,543725,0,13,2,19,2101,206698,5374,2,1,23509,18417,7287,7466,1530,436,1556,189,14,113,113,111,3073,1096,1960609,223,15,130,44,380166,380103,133,16,15,18,33,541912,361904,17,22,245,35,22,8,17,2,102,640435,359,0,91,3,3,5,27,1,3,30,1,3,2,3
416.357,1663779239387,5.014309813,1,2.7,30.3,0.0,67.0,0.0,0.0,0.0,118,1,68,0,2,532292,110448,305332,719708,5932,101090,84,84,0,0,0,5,9,5,4,4,2,0,0,0,0,4,601176,0,8,1,17,2907,253724,5406,2,1,23258,18217,2734,3242,412,91,439,0,13,113,113,112,714,224,2223185,221,7,132,7,386861,386816,138,18,7,7,12,599172,372183,8,13,248,38,25,5,7,1,106,748245,344,0,92,3,3,3,5,1,3,8,1,3,2,3
421.371,1663779246073,5.013884878,1,2.2,27.8,0.0,69.8,0.0,0.0,0.3,118,1,68,0,2,532984,109756,305332,720408,7827,102657,266,266,0,0,0,7,12,7,5,1,2,0,0,0,0,20,587675,0,18,1,20,3854,252878,5887,2,1,25100,19604,17556,17734,3698,957,3733,945,15,128,128,122,8249,2795,2190954,245,33,129,46,386974,386892,150,18,33,41,65,585765,359550,27,45,265,33,42,10,41,2,110,687818,408,0,89,3,3,3,68,1,5,73,1,3,2,3
426.384,1663779252769,5.013200254,1,9.9,21.8,0.0,68.4,0.0,0.0,0.0,118,1,68,0,2,532040,110696,305336,719468,10773,102302,5067,5067,0,0,0,5,10,5,5,0,2,0,0,0,0,8,525914,0,13,1,19,2922,200933,5254,2,1,23548,18450,7505,7548,1667,502,1550,189,15,131,131,126,3284,1205,1864287,237,15,131,46,368722,368662,142,18,15,17,32,524043,350055,17,22,257,30,33,12,17,2,117,628899,386,0,92,3,3,5,28,1,3,31,1,3,2,3
431.397,1663779259492,5.013147027,1,2.5,28.8,0.0,68.1,0.0,0.0,0.6,118,1,68,0,2,531904,110836,305332,719324,6282,101140,84,84,0,0,0,7,11,7,4,2,2,0,0,0,0,4,515566,0,9,1,17,2936,181536,5245,2,1,23196,18161,2231,2735,272,84,300,0,13,115,115,115,470,145,1748915,225,3,135,7,373475,373426,135,17,3,3,8,514071,359261,8,9,243,40,19,5,3,1,106,619100,345,0,86,3,4,3,6,1,5,11,1,3,2,3
436.411,1663779266143,5.014186544,1,2.8,23.8,0.0,72.2,0.0,0.0,1.2,118,1,68,0,2,531960,110768,305344,719396,5818,100084,266,266,0,0,0,5,10,5,5,0,2,0,0,0,0,20,564622,0,7,1,19,2942,223898,5613,2,1,23934,18841,8380,8548,1634,315,1650,252,15,113,113,112,3690,1171,2044596,215,17,130,44,385888,385827,131,17,16,19,35,562790,365525,17,23,234,27,25,5,19,1,107,678933,378,0,85,3,3,5,29,1,3,32,1,3,2,3
441.424,1663779272814,5.012893533,1,4.7,23.1,0.0,71.5,0.0,0.0,0.6,118,1,68,0,2,532480,110252,305340,719912,5710,101092,56,56,0,0,0,5,9,5,4,0,2,0,0,0,0,8,555956,0,7,1,17,570,220302,5555,2,1,23149,18075,4975,5156,1123,296,1162,63,13,110,110,105,2204,849,2034079,217,11,131,44,377131,377080,136,17,11,12,24,554257,360896,13,17,233,27,20,8,12,2,99,675290,368,0,90,3,3,3,25,1,3,28,1,3,2,3
446.437,1663779279491,5.013437948,1,2.3,26.7,0.0,70.7,0.0,0.0,0.3,118,1,68,0,2,532196,110524,305352,719640,6044,102262,84,84,0,0,0,7,11,7,4,2,2,0,0,0,0,6,550560,0,8,1,16,2870,208832,5096,2,1,23115,18102,2229,2390,272,84,298,0,12,113,113,112,477,151,1933262,221,3,131,7,380663,380623,132,16,3,4,8,548620,366456,8,9,240,38,19,5,4,1,106,681981,331,0,79,3,3,3,8,1,5,13,1,3,2,3
451.45,1663779286178,5.013284555,1,3.1,32.0,0.0,64.3,0.0,0.0,0.6,118,1,68,0,2,531960,110760,305352,719404,5997,100342,266,266,0,0,0,5,11,5,6,0,2,0,0,0,0,14,591722,0,9,1,22,1139,244329,5598,1,1,23981,18875,8404,8964,1627,315,1644,189,17,116,116,114,3675,1169,2195028,221,16,131,44,392324,392267,134,18,16,19,35,589738,371937,17,23,242,27,27,5,19,1,108,711793,368,0,86,3,3,5,31,1,3,34,1,3,2,3
456.463,1663779292832,5.013257251,1,2.9,22.5,0.0,74.2,0.0,0.0,0.3,117,1,67,0,2,532144,110576,305352,719592,6297,100637,56,56,0,0,0,5,8,5,3,0,2,0,0,0,0,9,557225,0,17,1,14,2353,225045,5230,1,1,23087,18016,4984,5166,1119,108,1163,189,11,115,115,113,2202,841,2026346,227,11,130,44,373307,373254,137,18,11,12,24,555456,357077,13,17,250,27,21,8,12,2,102,682810,346,0,87,3,4,3,21,1,3,24,1,3,2,3
461.474,1663779299459,5.010941357,1,2.7,24.7,0.0,71.7,0.0,0.0,1.0,119,1,68,0,2,531036,111684,305352,718488,16039,233020,378,378,0,0,0,0,0,0,0,1,0,0,0,0,0,20,607430,0,19,0,5,3440,253007,5806,0,0,24782,19828,15025,14896,3165,875,3012,252,5,130,130,126,6769,2394,2234471,249,27,131,46,405681,405636,145,12,26,39,57,607111,380554,25,38,270,33,42,10,32,2,113,707748,405,0,74,1,0,0,48,0,0,48,1,0,0,1
466.487,1663779312584,5.013286313,1,3.6,30.1,0.0,66.1,0.0,0.0,0.3,119,1,68,0,2,531272,111436,305364,718740,5658,99710,56,56,0,0,0,5,7,5,2,0,1,0,0,0,0,8,594102,0,7,1,11,2875,253712,5195,0,1,23244,18164,5147,5309,1131,109,1170,63,9,108,108,106,2211,832,2222918,213,11,131,44,382085,382033,132,15,11,11,24,592246,365530,13,17,232,34,21,8,12,2,100,750180,351,0,83,1,0,0,25,0,1,26,1,0,0,1
471.501,1663779319258,5.014129459,1,2.0,29.5,0.0,68.1,0.0,0.0,0.3,119,1,68,0,2,532296,110408,305368,719768,6182,102262,84,84,0,0,0,5,7,5,2,0,1,0,0,0,0,6,550210,0,12,1,11,2915,211008,5248,0,1,23225,18194,2939,3096,401,90,412,0,9,117,117,114,795,226,1973124,227,5,131,7,379131,379084,135,16,5,5,11,548331,364370,9,11,246,40,19,7,5,1,107,675102,334,0,71,1,0,0,5,0,0,5,1,0,0,1
476.515,1663779325924,5.014037823,1,3.0,29.4,0.0,67.1,0.0,0.0,0.6,119,1,68,0,2,531872,110832,305368,719344,5818,100084,294,294,0,0,0,5,7,5,2,0,1,0,0,0,0,11,583459,0,7,2,10,2911,239312,5391,0,1,23960,18856,8393,8544,1617,315,1636,126,9,113,113,113,3672,1172,2139791,215,16,130,44,389212,389152,129,15,16,19,34,581605,368740,17,23,234,27,25,5,19,1,108,703444,363,0,76,1,0,0,31,0,0,31,1,0,0,1
481.528,1663779332602,5.012999424,1,2.5,28.2,0.0,68.4,0.0,0.0,0.9,119,1,68,0,2,532188,110476,305408,719680,6065,99710,56,56,0,0,0,5,11,5,6,0,2,0,0,0,0,9,549716,0,7,1,21,2888,216774,5330,0,1,23134,18082,4925,5460,1073,483,1114,63,16,109,109,110,2056,819,2015881,215,10,130,44,374309,374259,129,16,10,11,22,547780,358018,12,16,231,35,21,5,11,1,102,664710,349,0,89,1,2,6,22,1,3,25,1,1,0,2
486.541,1663779339271,5.013406267,1,2.2,26.2,0.0,71.0,0.0,0.0,0.6,119,1,68,0,2,532708,109960,305404,720204,6233,101297,84,84,0,0,0,7,13,7,6,4,2,0,0,0,0,7,570256,0,12,1,24,2896,223246,5199,2,1,23061,18070,2957,3113,402,154,414,126,17,117,117,115,803,228,2029430,229,5,132,7,386417,386373,142,18,5,5,11,568351,371838,9,11,248,40,20,7,5,1,107,716625,341,0,90,3,2,5,9,1,5,14,1,3,2,3
491.554,1663779345935,5.013011243,1,2.3,31.9,0.0,65.8,0.0,0.0,0.0,119,1,68,0,2,531620,111036,305416,719120,5610,97033,294,294,0,0,0,7,17,7,10,0,2,0,0,0,0,17,594974,0,7,1,35,1625,249814,5506,2,1,22893,18031,8407,8563,1617,314,1636,189,25,110,110,109,3669,1167,2193344,209,16,126,44,388777,388717,130,16,16,19,34,593082,368989,17,23,229,27,26,5,19,1,104,709605,372,0,105,3,2,5,32,1,5,37,1,3,2,3
496.571,1663779352599,5.016829712,1,2.8,31.6,0.0,65.3,0.0,0.0,0.3,118,1,68,0,2,533000,109680,305392,720496,10639,151324,112,112,0,0,0,5,13,5,8,6,2,0,0,0,0,19,549611,0,21,2,29,1582,210057,5699,2,1,24598,18845,13823,13723,3233,678,3250,378,21,124,124,117,6739,2481,1964329,245,30,130,46,386951,386872,146,18,30,38,55,547763,363932,22,42,268,39,37,10,37,2,103,656729,390,0,102,3,2,3,57,1,3,60,1,3,2,2
501.584,1663779361715,5.013362710,1,3.2,23.2,0.0,73.3,0.0,0.0,0.3,118,1,68,0,2,532124,110548,305400,719628,6184,100611,84,84,0,0,0,0,0,0,0,6,0,0,0,0,0,10,598425,0,16,0,4,2754,255900,5489,0,0,23535,18299,4338,4588,930,361,699,126,99,119,119,116,1650,659,2238123,231,11,132,18,383520,383476,184,10,11,10,20,596484,366986,11,16,390,42,138,8,11,2,104,731260,463,0,108,1,0,0,5,0,0,5,1,0,0,1
506.597,1663779368443,5.013039658,1,2.5,24.1,0.0,72.5,0.0,0.0,0.9,118,1,68,0,2,532084,110592,305396,719584,6378,101409,266,266,0,0,0,0,0,0,0,0,0,0,0,0,0,8,550777,0,11,0,5,2906,210278,5212,0,0,23265,18263,4099,4287,644,97,670,0,5,110,110,109,1383,378,1971272,217,7,131,5,382055,382005,130,11,7,9,18,548948,366385,12,14,234,32,14,5,8,1,102,680082,331,0,71,1,0,0,11,0,0,11,1,0,0,1
511.61,1663779375145,5.012941601,1,2.6,29.0,0.0,67.2,0.0,0.0,1.2,118,1,68,0,2,533036,109624,305412,720552,5792,101012,84,84,0,0,0,5,7,5,2,0,1,0,0,0,0,15,540906,0,12,1,11,2897,209097,5299,0,1,23330,18287,7570,8128,1598,442,1605,315,9,112,112,109,3252,1143,1969004,220,17,131,44,375851,375789,135,15,16,18,33,539007,357456,17,23,240,29,22,7,18,1,101,644887,351,0,82,0,0,0,30,0,0,30,0,0,0,0
516.623,1663779381799,5.013052863,1,3.4,28.0,0.0,68.5,0.0,0.0,0.0,118,1,68,0,2,531944,110704,305424,719472,6238,102600,84,84,0,0,0,5,6,0,1,0,1,0,0,0,0,9,554978,0,9,0,5,2878,210313,5241,0,1,23068,18057,3677,3943,802,284,546,0,5,116,116,114,1420,577,1986245,227,7,130,18,384852,384803,131,9,7,6,16,553061,369379,10,11,252,41,29,8,7,2,105,663646,331,0,68,1,0,0,6,0,0,6,1,0,0,1
521.637,1663779388657,5.014094532,1,1.5,27.3,0.0,70.3,0.0,0.0,0.9,118,1,68,0,2,531848,110800,305424,719380,5762,101127,161,161,0,0,0,5,7,5,2,0,1,0,0,0,0,6,549720,0,7,1,11,2878,210977,5135,0,1,23244,18245,4110,4573,641,159,668,126,9,108,108,107,1384,387,1934099,213,7,131,5,380106,380053,128,16,7,8,18,547889,364434,12,14,228,32,14,5,8,1,102,683061,336,0,82,1,0,0,10,0,0,10,1,1,1,2
526.65,1663779395310,5.012934762,1,2.6,23.6,0.0,73.2,0.0,0.0,0.6,118,1,68,0,2,531628,111004,305440,719172,5770,101847,84,84,0,0,0,7,13,7,5,4,2,0,0,0,0,8,591308,0,12,2,17,1085,252147,5457,3,1,23504,18419,7600,8139,1583,314,1595,63,14,111,111,110,3269,1145,2207876,217,16,131,44,382062,382003,132,16,16,18,33,589217,363559,17,23,237,29,21,7,18,1,103,718912,382,0,79,0,0,0,33,1,5,38,0,0,0,0
531.664,1663779401977,5.013985123,1,3.8,24.6,0.0,70.9,0.0,0.0,0.6,118,1,68,0,2,531612,111020,305440,719156,6178,100203,84,84,0,0,0,5,7,5,2,0,1,0,0,0,0,8,574406,0,8,1,11,2898,232063,5328,0,1,23268,18197,5364,5706,1145,297,1185,63,9,113,113,112,2213,845,2074556,223,11,130,46,383396,383339,137,16,11,9,23,572559,366548,13,17,248,43,28,8,12,2,103,700654,368,0,74,1,0,0,26,0,0,26,1,0,0,1
536.678,1663779408673,5.014047942,1,1.3,25.8,0.0,71.3,0.0,0.0,1.6,117,1,68,0,2,531336,111292,305444,718884,7771,103165,56,56,0,0,0,5,7,5,2,1,1,0,0,0,0,22,568517,0,18,2,11,1504,227236,5625,0,1,24658,19201,13280,13462,2731,800,2737,630,9,123,123,118,5962,2020,2074952,243,24,131,7,389009,388938,143,16,24,31,48,566682,366114,22,36,261,38,31,10,30,2,107,689501,375,0,81,1,0,0,48,0,0,48,1,0,0,1
541.692,1663779415361,5.013884303,1,2.8,24.5,0.0,71.7,0.0,0.0,0.9,117,1,68,0,2,531476,111140,305456,719036,5504,95639,84,84,0,0,0,5,7,5,2,0,1,0,0,0,0,17,549102,0,12,1,11,2578,213116,5307,0,1,22186,17382,7554,8061,1577,503,1588,378,9,107,107,105,3256,1132,2006085,207,16,125,44,377385,377325,125,16,16,18,33,547202,359656,17,23,227,29,21,7,18,1,97,640467,351,0,84,1,0,0,28,0,0,28,1,0,0,1
546.706,1663779422060,5.013607070,1,6.7,27.2,0.0,65.8,0.0,0.0,0.3,118,1,68,0,2,530784,111824,305464,718348,6242,101324,84,84,0,0,0,5,7,5,2,0,1,0,0,0,0,18,576425,0,7,1,10,1909,234144,5363,0,1,23378,18278,5345,5864,1141,361,1175,63,9,115,115,114,2204,845,2106402,227,11,131,46,383813,383759,135,15,11,12,23,574459,366980,13,17,249,41,28,8,12,2,107,717522,349,0,78,1,0,0,21,0,0,21,1,1,1,2
551.72,1663779428765,5.013715271,1,2.9,29.1,0.0,67.3,0.0,0.0,0.6,118,1,68,0,2,531932,110672,305468,719496,6242,101650,56,56,0,0,0,5,10,5,5,20,2,0,0,0,0,14,546665,0,21,1,19,2762,208406,5297,0,1,23628,18546,5558,6068,1076,121,1105,63,15,113,113,112,2115,667,1942001,221,19,131,4,380640,380580,138,16,19,20,30,545442,363631,12,26,249,28,18,5,20,1,99,674426,345,0,103,1,2,5,10,1,3,13,1,1,0,2
556.733,1663779435430,5.013189756,1,4.9,26.2,0.0,67.4,0.0,0.0,1.5,118,1,68,0,2,531696,110908,305468,719264,6254,102259,84,84,0,0,0,7,10,7,3,7,2,0,0,0,0,13,594091,0,16,2,14,2896,251888,5583,3,1,23545,18457,8083,8235,1725,575,1729,378,11,115,115,114,3503,1233,2221437,224,20,131,44,386291,386228,140,17,20,22,37,592279,367407,17,27,249,31,22,7,22,1,103,712215,368,0,92,1,1,0,31,0,2,33,1,1,1,2
561.746,1663779442131,5.013454509,1,2.8,34.1,0.0,62.5,0.0,0.0,0.6,118,1,68,0,2,531248,111328,305496,718836,5874,99210,56,56,0,0,0,5,7,5,2,0,1,0,0,0,0,8,599337,0,8,1,9,2866,261108,5290,0,1,23261,18182,5340,5519,1129,611,1181,315,8,114,114,110,2206,856,2255299,225,11,130,46,379618,379567,132,14,11,13,23,597416,362840,13,17,248,41,26,8,12,2,103,744261,352,0,71,1,0,0,25,0,1,26,1,0,0,1
566.759,1663779448862,5.013178956,1,2.2,30.2,0.0,67.4,0.0,0.0,0.3,117,1,68,0,1,531900,110676,305496,719488,5969,102057,56,56,0,0,0,7,15,7,8,4,3,0,0,0,0,4,535521,0,7,2,30,2893,201407,5127,2,1,23296,18287,4127,4280,652,98,700,0,21,109,109,108,1384,408,1894055,215,8,132,5,374891,374847,131,18,7,8,18,533927,359233,12,14,230,32,15,5,8,1,102,654887,344,0,95,3,3,6,10,1,5,15,1,3,2,2
571.772,1663779455527,5.013399808,1,3.0,20.2,0.0,76.6,0.0,0.0,0.3,116,1,67,0,1,531508,111052,305512,719108,5718,101847,84,84,0,0,0,5,7,5,2,0,1,0,0,0,0,9,538366,0,12,1,11,592,208559,5300,0,1,23443,18372,7565,8111,1583,188,1588,126,9,111,111,109,3259,1136,1961056,217,16,131,44,373100,373044,134,16,16,18,33,536561,354678,17,23,237,29,21,7,18,1,102,638996,365,0,80,1,0,0,28,0,0,28,1,0,0,1
576.784,1663779462145,5.011625411,1,3.2,28.1,0.0,67.4,0.0,0.0,1.3,118,1,68,0,2,532400,110144,305528,720012,13915,202856,350,350,0,0,0,0,0,0,0,0,0,0,0,0,0,14,610371,0,19,0,5,1028,256997,5644,0,0,24555,19672,11855,11564,2265,595,2006,315,5,130,130,125,4971,1655,2271677,247,19,132,7,401954,401918,141,12,19,31,37,610121,379547,19,26,266,31,35,10,21,2,113,744224,374,0,71,1,0,0,30,0,0,30,1,0,0,1
581.797,1663779474062,5.013369691,1,2.9,32.3,0.0,64.3,0.0,0.0,0.6,118,1,68,0,2,531612,110932,305528,719236,5600,98795,84,84,0,0,0,5,7,5,2,0,1,0,0,0,0,10,543848,0,8,2,11,579,207988,5237,0,1,22703,17721,4962,5475,1105,297,1148,252,9,109,109,107,2206,827,1978063,215,11,129,44,376563,376510,129,15,11,12,23,541996,360469,13,17,234,27,20,8,12,2,100,645612,333,0,81,1,0,0,22,0,0,22,1,0,0,1
586.811,1663779480775,5.014145493,1,16.2,29.7,0.0,53.8,0.0,0.0,0.3,118,1,68,0,2,531564,110988,305520,719184,6036,101351,56,56,0,0,0,6,11,5,5,0,2,0,0,0,0,3,568761,0,7,1,20,558,223267,5160,0,1,23146,18122,2134,2704,259,83,285,0,15,111,111,110,467,131,2073372,219,3,132,6,384441,384395,136,17,3,3,9,566992,370430,8,9,233,34,17,5,3,1,104,702594,328,0,91,1,2,5,5,1,3,8,1,2,1,2
591.824,1663779487446,5.012745537,1,1.2,28.0,0.0,70.7,0.0,0.0,0.0,118,1,68,0,2,530936,111612,305524,718552,5842,100264,294,294,0,0,0,7,11,7,4,5,2,0,0,0,0,13,559232,0,10,1,16,3097,226057,5517,2,1,24197,18955,6175,6691,959,309,975,126,126,117,117,115,2318,594,2024247,221,13,133,5,379212,379156,199,18,13,15,25,557300,360222,15,22,381,26,137,5,16,1,108,677633,499,0,132,1,1,0,15,0,2,17,1,1,1,2
596.837,1663779494125,5.013216033,1,3.2,31.2,0.0,64.7,0.0,0.0,0.9,117,1,68,0,2,531124,111412,305536,718756,6042,101447,56,56,0,0,0,5,7,5,2,0,1,0,0,0,0,15,577970,0,15,1,10,2899,236991,5373,0,1,23007,17959,4976,5483,1111,298,1154,63,8,115,115,112,2212,839,2116900,227,11,130,44,381921,381865,133,14,11,13,23,575981,365626,13,17,247,27,21,8,12,2,101,710703,332,0,73,1,0,0,23,0,1,24,1,0,0,1
601.85,1663779500824,5.013142058,1,17.1,30.8,0.0,49.7,0.0,0.0,2.4,117,1,68,0,2,531044,111500,305528,718672,6370,102829,56,56,0,0,0,5,7,5,2,6,1,0,0,0,0,2,613008,0,17,1,11,534,270653,5563,0,1,23281,18226,3428,3952,538,161,558,126,9,118,118,116,1041,317,2318732,233,9,131,7,382362,382309,138,14,9,9,16,611172,367244,9,15,255,40,19,7,9,1,106,773596,350,0,85,1,0,0,8,0,0,8,1,0,0,1
606.864,1663779507498,5.014211874,1,3.5,30.0,0.0,64.8,0.0,0.0,1.6,117,1,68,0,2,525880,110720,311472,713520,6323,101333,294,294,0,0,0,5,7,5,2,0,1,0,0,0,0,14,542484,0,9,1,12,2930,210086,5296,0,1,23673,18663,5543,5669,2293,1492,828,63,9,117,117,118,2117,1984,1938554,221,9,131,6,375354,375301,136,15,9,12,21,540700,357540,13,16,238,27,19,5,12,1,109,661220,356,0,84,1,0,0,18,0,0,18,1,0,0,1
611.877,1663779514174,5.013361139,1,1.3,31.5,0.0,66.9,0.0,0.0,0.3,117,1,68,0,2,525528,111060,311484,713180,7719,102277,56,56,0,0,0,5,7,5,2,1,1,0,0,0,0,20,540018,0,18,2,11,3881,205570,5689,0,1,24506,18989,14126,14317,3197,875,3227,630,9,125,125,117,6770,2462,1957408,247,28,131,46,382987,382904,149,15,28,34,53,538029,359439,23,39,266,33,37,13,34,3,104,622192,407,0,81,0,0,0,55,0,0,55,0,0,0,0
616.89,1663779520874,5.013328991,1,18.0,30.8,0.0,50.0,0.0,0.0,1.2,117,1,67,0,2,525368,111212,311492,713024,6251,101558,56,56,0,0,0,7,11,7,4,1,2,0,0,0,0,2,567522,0,11,1,20,2881,230374,5184,2,1,23017,18032,2960,3428,399,154,413,0,13,115,115,114,796,226,2065744,227,5,130,7,377166,377118,135,15,5,5,12,565697,362624,9,11,245,40,20,7,6,1,108,707558,356,0,92,1,1,0,9,1,5,14,1,1,1,2
621.903,1663779527572,5.013458197,1,4.0,31.3,0.0,63.5,0.0,0.0,1.2,118,1,68,0,2,525280,111292,311500,712944,5818,99119,294,294,0,0,0,5,7,5,2,0,1,0,0,0,0,5,591732,0,8,2,11,2891,249764,5542,0,1,23651,18644,5479,5949,802,166,828,0,9,115,115,114,2081,500,2188800,217,10,130,5,384431,384379,130,16,9,11,21,589766,366594,13,16,233,25,18,5,11,1,108,720887,363,0,75,1,0,0,12,0,0,12,1,0,0,1
626.917,1663779534276,5.013635478,1,3.3,25.7,0.0,70.7,0.0,0.0,0.3,118,1,68,0,2,524744,111820,311508,712408,5796,100831,56,56,0,0,0,5,7,5,2,0,1,0,0,0,0,12,563034,0,7,1,11,2888,229305,5232,0,1,23106,18038,4959,5132,1104,297,1144,126,9,109,109,107,2206,833,2062177,215,11,130,44,375267,375217,129,16,11,12,24,561607,358962,13,17,233,26,20,8,12,2,101,679547,335,0,74,0,0,0,21,0,1,22,0,0,0,0
631.931,1663779540999,5.013683020,1,19.6,25.9,0.0,53.8,0.0,0.0,0.6,118,1,68,0,2,525508,111052,311512,713184,6394,102312,84,84,0,0,0,5,7,5,2,0,1,0,0,0,0,6,615223,0,13,1,10,2805,269572,5461,0,1,23097,18095,2956,3109,402,91,405,63,8,117,117,116,796,221,2305490,227,5,131,7,384969,384922,137,14,5,5,12,613360,370402,9,11,247,42,19,7,5,1,106,782183,338,0,73,1,0,0,8,0,0,8,1,0,0,1
636.946,1663779547725,5.015325133,1,3.3,30.1,0.0,66.6,0.0,0.0,0.0,118,1,68,0,2,526156,110396,311520,713840,5818,101205,294,294,0,0,0,5,7,5,2,0,1,0,0,0,0,7,592706,0,8,1,11,2889,257679,5451,0,1,23670,18664,5468,5966,816,41,826,0,9,116,116,115,2080,490,2220705,219,9,130,5,379063,379002,135,15,9,11,21,590858,361213,13,16,235,25,18,5,11,1,109,730631,348,0,84,1,0,0,13,0,0,13,1,1,1,2
641.96,1663779554437,5.014022329,1,9.2,30.2,0.0,59.3,0.0,0.0,1.3,118,2,67,0,2,525992,110552,311528,713684,5900,101141,56,56,0,0,0,5,10,5,5,6,2,0,0,0,0,9,504642,0,9,2,20,618,186014,5481,0,1,23231,18139,5485,5973,1254,179,1290,315,13,112,112,109,2449,924,1781658,221,15,130,44,360392,360334,130,15,15,16,28,502666,343531,13,21,248,27,27,8,16,2,102,595559,342,0,84,0,0,0,22,1,3,25,0,0,0,0
646.973,1663779561136,5.013251219,1,16.8,28.6,0.0,53.3,0.0,0.0,1.3,118,1,68,0,2,526596,109944,311532,714292,7138,106498,3972,3972,0,0,0,7,9,7,2,6,1,0,0,0,0,3,575522,0,16,1,11,530,241690,5440,0,1,23396,18329,3730,4279,603,40,756,0,9,144,145,139,1205,351,2135225,251,10,135,7,374306,374252,148,15,10,10,19,573585,358882,10,16,276,42,37,14,10,3,128,707867,368,0,80,1,0,0,9,0,3,12,1,0,0,1
651.987,1663779567858,5.013697828,1,4.6,24.1,0.0,70.4,0.0,0.0,1.0,118,2,68,0,2,525572,110972,311528,713268,8315,104266,294,294,0,0,0,5,7,5,2,12,1,0,0,0,0,21,586359,0,25,2,11,2742,244657,5972,0,1,25363,19859,15807,16260,3163,1075,3192,1071,9,133,133,128,7128,2283,2169848,253,34,131,7,392274,392190,152,16,34,41,59,584488,366009,23,46,275,38,35,10,41,2,113,686686,408,0,85,1,0,0,50,0,0,50,1,0,0,1
657.001,1663779574571,5.013634274,1,0.9,33.2,0.0,65.0,0.0,0.0,0.9,118,1,68,0,2,526352,110180,311540,714052,6090,100933,56,56,0,0,0,5,7,5,2,0,1,0,0,0,0,8,545174,0,9,1,11,578,209552,5372,0,1,23118,18057,4966,5143,1105,170,1145,63,9,110,110,110,2206,830,1958295,217,11,130,44,376557,376506,134,16,11,12,24,543275,360294,13,17,236,29,20,8,12,2,101,657371,361,0,81,1,0,0,22,0,0,22,0,0,0,0
662.016,1663779581241,5.014736652,1,9.0,30.4,0.0,60.3,0.0,0.0,0.3,118,1,68,0,2,525296,111236,311540,713004,6044,102262,84,84,0,0,0,5,7,5,2,0,1,0,0,0,0,9,564761,0,12,1,11,2870,224150,5446,0,1,23294,18299,5044,5212,800,168,812,0,9,115,115,114,1676,479,2068730,225,10,130,7,380844,380793,134,16,9,11,20,562790,364528,13,16,246,41,21,7,11,1,106,696503,372,0,77,1,0,0,13,0,0,13,1,1,1,2
667.031,1663779588188,5.014558674,1,3.9,26.3,0.0,68.4,0.0,0.0,1.5,118,1,68,0,2,525840,110692,311540,713540,5870,101205,266,266,0,0,0,6,11,5,5,0,2,0,0,0,0,13,529117,0,7,1,19,2247,195098,5155,0,1,23741,18726,5656,5984,811,104,826,0,15,114,114,113,2082,490,1895394,217,9,131,5,377426,377379,132,17,9,11,21,527762,359407,13,16,232,32,18,5,11,1,108,629713,355,0,90,1,3,6,13,1,3,16,1,1,0,2
672.045,1663779594869,5.013507747,1,3.7,25.9,0.0,69.5,0.0,0.0,0.9,118,1,68,0,2,525888,110640,311544,713600,5917,101170,56,56,0,0,0,7,9,7,2,0,1,0,0,0,0,10,542058,0,7,2,11,2909,208343,5286,0,1,23134,18068,4974,5150,1118,108,1153,0,9,110,110,108,2210,835,1934539,217,11,131,44,375187,375136,134,15,11,12,24,540288,358885,13,17,235,27,21,8,12,2,102,665857,349,0,81,1,0,0,22,0,2,24,1,0,0,1
677.059,1663779601557,5.013648583,1,7.3,29.2,0.0,63.5,0.0,0.0,0.0,118,1,68,0,2,525116,111396,311560,712840,5986,99183,84,84,0,0,0,5,7,5,2,0,1,0,0,0,0,4,595355,0,13,1,10,530,266023,5478,0,1,22899,17988,5572,5602,1072,107,865,126,9,111,111,112,2076,726,2264646,217,10,128,18,371077,371007,134,15,10,12,23,593649,354255,13,15,245,41,30,5,11,1,104,742861,348,0,82,1,0,0,14,0,1,15,1,0,0,1
682.073,1663779608245,5.013519790,1,3.4,33.8,0.0,62.2,0.0,0.0,0.6,117,1,68,0,2,525880,110624,311568,713616,5818,100162,266,266,0,0,0,5,7,5,2,0,1,0,0,0,0,9,559836,0,7,2,11,2916,216665,5359,0,1,23802,18770,5655,6138,809,104,835,63,9,115,115,113,2081,503,1994865,219,9,131,5,386237,386189,130,15,9,12,21,558048,368098,13,16,232,32,18,5,11,1,108,662462,348,0,72,1,0,0,14,0,0,14,1,0,0,1
687.089,1663779614951,5.015637438,1,2.6,23.5,0.0,74.0,0.0,0.0,0.0,117,1,68,0,2,525456,111044,311572,713196,15531,232489,168,168,0,0,0,5,7,5,2,4,1,0,0,0,0,22,577658,0,18,1,11,3534,238633,5730,0,1,24346,18403,12495,13652,3121,812,3306,567,105,124,124,118,6655,2360,2146618,245,31,132,46,386584,386501,196,15,31,35,57,575789,363965,25,45,405,34,163,13,38,3,106,670792,506,0,120,0,0,0,56,0,0,56,0,0,0,0
692.103,1663779628362,5.013634367,1,1.8,29.8,0.0,68.4,0.0,0.0,0.0,117,1,68,0,2,525564,110940,311568,713300,5946,102350,266,266,0,0,0,5,7,5,2,0,1,0,0,0,0,4,590476,0,9,1,10,2901,248594,5289,0,1,23880,18832,5649,6123,812,168,848,63,8,116,116,115,2079,519,2189248,221,9,131,5,385112,385059,134,14,9,12,22,588739,367010,13,16,237,32,18,5,11,1,109,716526,359,0,77,1,0,0,15,1,3,18,1,0,0,1
697.116,1663779634996,5.013271847,1,2.2,29.2,0.0,68.0,0.0,0.0,0.6,117,1,68,0,2,525376,111112,311584,713124,6215,100324,84,84,0,0,0,7,10,7,3,12,2,0,0,0,0,10,541067,0,17,1,14,2948,206584,5457,2,1,23350,18245,5955,6491,1397,378,1426,189,11,116,116,114,2695,1015,1957195,227,19,130,44,377075,377017,141,18,19,20,32,539073,359672,13,25,251,27,21,8,20,2,102,650255,355,0,97,1,1,0,22,0,2,24,1,1,1,2
702.16,1663779641671,5.043529797,1,2.7,28.6,0.0,68.4,0.0,0.0,0.3,117,1,68,0,2,525768,110716,311588,713520,6092,99337,84,84,0,0,0,5,7,5,2,0,1,0,0,0,0,18,566432,0,16,1,10,2784,231689,5158,0,1,22474,17654,6283,6487,1245,176,990,0,9,115,115,114,2455,886,2056590,225,12,127,18,375884,375824,134,16,12,12,26,564547,358777,14,17,255,43,31,7,13,1,104,698361,339,0,76,1,0,0,15,0,1,16,1,0,0,1
707.173,1663779648414,5.012939155,1,3.2,26.3,0.0,70.5,0.0,0.0,0.0,117,1,68,0,2,525856,110624,311592,713612,6174,101205,266,266,0,0,0,5,7,5,2,0,1,0,0,0,0,8,563232,0,7,1,10,1649,217830,5367,0,1,23849,18814,5644,5793,823,167,843,0,9,115,115,116,2075,503,2000799,219,9,131,5,388268,388212,131,16,9,11,22,561304,370143,13,16,234,34,18,5,11,1,109,680836,342,0,73,1,0,0,10,0,0,10,1,0,0,1
712.187,1663779655087,5.013885980,1,3.6,24.4,0.0,72.1,0.0,0.0,0.0,117,1,68,0,2,525360,111112,311600,713124,6268,100831,84,84,0,0,0,5,7,5,2,0,1,0,0,0,0,11,573596,0,12,2,10,2871,233647,5330,0,1,23115,18049,4981,5512,1107,424,1140,126,9,111,111,115,2204,828,2095820,217,11,131,44,381249,381197,130,15,11,12,24,571734,364924,13,17,245,27,24,8,12,2,102,692389,357,0,73,1,0,0,20,0,0,20,1,0,0,1
717.203,1663779661784,5.015683631,1,1.2,29.4,0.0,69.4,0.0,0.0,0.0,117,1,68,0,2,525836,110636,311600,713600,5732,96004,84,84,0,0,0,5,10,5,5,0,2,0,0,0,0,12,599847,0,12,1,19,2879,261113,5497,0,1,23330,18323,6268,6175,1256,303,978,0,15,110,110,109,2470,881,2261641,215,12,130,18,380723,380670,135,17,12,12,26,597767,363157,14,17,242,43,30,7,13,1,102,734740,368,0,89,1,2,6,16,1,3,19,1,1,0,2
722.217,1663779668509,5.014005277,1,2.2,30.8,0.0,67.0,0.0,0.0,0.0,117,2,68,0,2,526064,110400,311608,713836,5916,101255,266,266,0,0,0,5,7,5,2,0,1,0,0,0,0,15,598871,0,8,1,11,1178,254203,5465,0,1,23730,18699,5548,6113,821,104,828,126,9,113,113,112,1997,494,2211098,219,9,131,5,386773,386706,131,15,9,11,21,596456,368862,13,16,235,32,16,5,11,1,105,734954,353,0,74,1,0,0,12,0,0,12,1,0,0,1
727.23,1663779675201,5.012815305,1,2.6,30.0,0.0,66.8,0.0,0.0,0.6,117,1,68,0,2,525132,111324,311616,712912,7771,101237,84,84,0,0,0,7,12,7,4,6,2,0,0,0,0,23,528722,0,19,1,17,3313,211592,5906,3,1,24539,18894,14342,14755,3201,941,3243,756,155,124,124,118,6764,2472,1954487,242,28,132,46,366437,366359,228,15,28,34,54,526791,342443,25,41,426,34,164,13,35,3,105,610250,555,0,146,1,1,0,59,0,2,61,1,1,1,2
732.264,1663779681891,5.033682575,1,3.2,23.3,0.0,73.5,0.0,0.0,0.0,117,1,68,0,2,524896,111552,311624,712684,6532,103774,84,84,0,0,0,5,6,0,1,0,1,0,0,0,0,8,547574,0,12,0,6,2935,210029,5392,0,1,23540,18489,6284,6539,1278,176,985,63,6,118,118,117,2484,899,1970677,231,12,131,18,380434,380377,135,11,12,12,26,545739,362638,14,17,258,45,31,7,13,1,108,651047,348,0,68,1,0,0,14,0,0,14,1,0,0,1
737.277,1663779688656,5.013365185,1,3.1,32.0,0.0,64.9,0.0,0.0,0.0,117,1,68,0,2,525384,111060,311628,713176,6045,103393,161,161,0,0,0,5,7,5,2,0,1,0,0,0,0,3,547204,0,9,1,11,2939,210680,5244,0,1,23350,18329,4122,4639,651,96,683,0,8,110,110,109,1384,395,1965725,217,7,131,5,377545,377492,132,13,7,10,18,545303,361742,12,14,233,32,15,5,8,1,103,668550,327,0,78,1,0,0,13,0,1,14,1,0,0,1
742.291,1663779695338,5.014235566,1,3.8,30.5,0.0,65.4,0.0,0.0,0.3,117,1,68,0,2,525548,110884,311640,713344,5856,101085,84,84,0,0,0,5,7,5,2,0,1,0,0,0,0,19,569134,0,13,2,11,2873,232897,5226,0,1,23074,18019,4972,5466,1120,297,1155,252,9,113,113,110,2202,854,2090601,221,11,130,44,377330,377277,136,16,11,12,23,567329,361106,13,17,243,27,20,8,12,2,100,707388,352,0,86,1,0,0,19,0,0,19,1,1,1,2
747.304,1663779702056,5.012828469,1,1.9,26.2,0.0,71.2,0.0,0.0,0.6,117,1,68,0,2,526004,110420,311648,713812,6116,100482,84,84,0,0,0,5,7,5,2,0,1,0,0,0,0,15,545785,0,17,1,10,2718,208123,5281,0,1,23124,18146,7952,8105,1613,378,1628,189,8,115,115,113,3255,1156,1961254,227,16,128,46,380625,380562,133,14,16,18,31,543659,361792,16,22,257,41,33,7,16,1,103,646857,346,0,71,1,0,0,28,1,3,31,1,0,0,1
752.317,1663779708774,5.013187556,1,2.9,28.9,0.0,67.8,0.0,0.0,0.3,117,1,68,0,2,525752,110676,311644,713552,5838,102272,161,161,0,0,0,5,7,5,2,0,1,0,0,0,0,7,541480,0,9,1,11,2876,208142,4943,0,1,23245,18244,4111,4572,661,160,685,0,9,109,109,108,1378,390,1939087,215,7,130,5,375035,374986,129,15,7,8,18,539873,359374,12,14,229,32,14,5,8,1,101,667388,327,0,81,1,0,0,10,0,0,10,1,0,0,1
757.33,1663779715439,5.012913579,1,2.4,31.5,0.0,66.1,0.0,0.0,0.0,117,1,68,0,2,525648,110776,311648,713456,5910,100675,84,84,0,0,0,7,11,7,4,1,2,0,0,0,0,11,589558,0,8,1,15,2360,252727,5453,3,1,23046,17993,4978,5505,1102,298,1139,126,13,108,108,108,2207,828,2200536,211,12,129,44,377745,377693,129,18,11,12,23,587756,361542,13,17,230,29,20,8,12,2,98,733027,369,0,86,1,1,0,25,0,3,28,1,1,1,2
762.344,1663779722167,5.013691571,1,2.5,24.2,0.0,72.9,0.0,0.0,0.3,116,1,67,0,2,525420,110996,311656,713236,6038,101269,84,84,0,0,0,5,7,5,2,0,1,0,0,0,0,10,585003,0,12,1,10,2922,257319,5632,0,1,23639,18545,7943,8100,1602,378,1620,0,9,115,115,112,3268,1157,2187739,227,16,130,46,371676,371617,139,16,16,18,33,583080,352805,17,23,251,43,27,7,18,1,105,715618,367,0,76,1,0,0,33,0,0,33,1,0,0,1
767.355,1663779728863,5.011238139,1,2.8,25.4,0.0,71.8,0.0,0.0,0.0,116,1,67,0,2,525752,110636,311684,713584,13697,207203,140,140,0,0,0,0,0,0,0,1,0,0,0,0,0,7,590651,0,22,0,5,1032,252970,5714,0,0,23946,19021,11988,12084,2721,855,2568,441,5,124,124,118,5469,2135,2226637,245,22,131,46,385201,385162,140,11,22,34,44,590277,363849,21,30,266,34,37,12,26,2,106,722710,367,0,67,1,0,0,42,0,0,42,1,0,0,1
772.368,1663779740728,5.012986440,1,14.7,29.0,0.0,55.4,0.0,0.0,0.9,118,1,68,0,2,525168,111216,311688,713000,6167,101376,56,56,0,0,0,5,11,5,6,6,2,0,0,0,0,5,540560,0,7,1,21,681,207922,5554,0,1,23925,18679,5026,5532,824,113,839,63,147,115,115,113,1592,473,1979165,227,11,134,7,374998,374948,212,15,11,12,22,538792,358017,13,19,402,40,147,5,13,1,108,639988,519,0,150,1,2,6,11,1,3,14,1,1,0,2
777.381,1663779747381,5.012906480,1,4.4,25.0,0.0,70.3,0.0,0.0,0.3,118,2,68,0,2,525428,110940,311704,713280,5962,101411,294,294,0,0,0,5,7,5,2,0,1,0,0,0,0,12,556016,0,9,2,11,2901,211817,5112,0,1,23416,18416,3501,3622,434,157,465,126,9,118,118,116,1280,265,1994930,221,5,130,5,385063,385011,136,16,6,6,14,554181,368947,10,12,238,25,17,8,7,2,106,679569,353,0,77,1,0,0,7,0,1,8,1,0,0,1
782.395,1663779754036,5.013545369,1,2.1,28.4,0.0,69.1,0.0,0.0,0.3,118,1,68,0,2,525728,110636,311708,713584,5994,101793,84,84,0,0,0,7,10,7,3,2,2,0,0,0,0,8,568570,0,14,1,13,1043,234560,5425,2,1,23133,18059,5477,5952,1182,238,1191,126,11,110,110,110,2386,896,2084706,217,12,131,44,374832,374780,130,16,12,13,24,566483,358137,13,18,236,30,20,7,13,1,101,698794,343,0,81,1,1,0,23,0,2,25,1,1,1,2
787.408,1663779760724,5.013035000,1,18.3,28.7,0.0,53.0,0.0,0.0,0.0,118,1,68,0,2,525376,110980,311716,713232,5932,102133,56,56,0,0,0,5,7,5,2,0,1,0,0,0,0,6,548743,0,7,2,10,550,218246,5397,0,1,23425,18399,4318,4785,662,34,695,0,9,112,112,112,1335,385,2022418,221,7,131,7,371755,371702,132,16,7,8,18,547283,355785,12,14,241,39,21,5,8,1,106,667605,338,0,80,1,0,0,9,0,0,9,1,0,0,1
792.422,1663779767397,5.013704099,1,3.3,28.6,0.0,68.1,0.0,0.0,0.0,118,1,68,0,2,525044,111316,311712,712900,6225,99605,294,294,0,0,0,5,7,5,2,0,1,0,0,0,0,6,574098,0,16,1,11,2885,234982,5363,0,1,23359,18348,3374,3534,405,153,430,0,9,119,119,117,1210,244,2093374,225,5,130,5,380631,380585,134,16,5,6,12,572190,364583,9,11,244,24,17,5,6,1,107,710733,342,0,78,1,0,0,7,0,0,7,1,0,0,1
797.442,1663779774097,5.020156738,1,1.3,26.6,0.0,72.1,0.0,0.0,0.0,118,1,68,0,2,525712,110636,311724,713584,5840,100878,84,84,0,0,0,6,11,5,5,0,2,0,0,0,0,11,540267,0,14,1,21,2472,207748,5179,0,1,23115,18061,5466,5635,1176,112,1199,0,15,111,111,109,2398,909,1941059,219,13,130,44,373759,373702,137,18,12,13,24,538270,357160,13,18,240,28,21,7,13,1,101,659832,360,0,93,1,3,6,26,1,3,29,1,1,0,2
802.456,1663779780810,5.013731223,1,20.5,25.7,0.0,52.8,0.0,0.0,1.0,118,1,68,0,2,526052,110276,311744,713936,8173,103838,56,56,0,0,0,5,7,5,2,0,1,0,0,0,0,18,561998,0,20,1,9,3898,221773,5822,0,1,24855,19365,13723,14261,2782,679,2851,567,9,130,130,124,6056,2047,2044030,257,25,132,9,388342,388262,150,15,25,31,50,560092,364961,23,37,280,46,37,13,31,3,110,655521,390,0,78,1,0,0,44,0,1,45,1,0,0,1
807.47,1663779787538,5.013676635,1,4.1,25.2,0.0,70.4,0.0,0.0,0.3,119,1,68,0,2,525508,110820,311744,713396,6600,102248,294,294,0,0,0,7,10,7,3,1,2,0,0,0,0,11,540365,0,8,2,13,2900,207859,5269,2,1,23433,18419,3400,3927,415,30,431,0,11,116,116,119,1206,269,1889679,219,5,131,5,373749,373704,131,16,5,6,12,538721,357680,9,11,237,26,21,5,7,1,108,666668,347,0,82,1,1,0,7,0,2,9,1,1,1,2
812.483,1663779794233,5.013061014,1,2.7,29.9,0.0,67.4,0.0,0.0,0.0,119,1,68,0,2,525256,111068,311748,713148,6098,101847,56,56,0,0,0,5,7,5,2,0,1,0,0,0,0,12,539602,0,11,1,13,565,207501,5226,0,1,23166,18085,5463,5627,1191,175,1212,189,9,110,110,110,2389,882,1930869,217,12,131,44,373374,373317,130,16,12,13,24,537422,356669,12,18,239,28,24,7,13,1,103,650139,340,0,86,1,0,0,24,0,0,24,1,0,0,1
817.496,1663779800886,5.013031327,1,15.1,25.0,0.0,58.7,0.0,0.0,1.3,119,1,68,0,2,525776,110540,311756,713676,6870,101765,56,56,0,0,0,5,7,5,2,0,1,0,0,0,0,13,575302,0,8,2,9,1801,230563,5460,0,1,23826,18597,4744,5247,732,106,763,0,139,116,116,114,1479,427,2083881,229,8,134,7,386322,386274,211,14,8,9,20,573294,369472,14,16,402,41,144,8,9,2,104,697499,519,0,131,1,0,0,10,0,0,10,1,1,1,2
822.509,1663779807587,5.013279397,1,1.8,31.6,0.0,66.3,0.0,0.0,0.3,119,1,68,0,2,525460,110856,311756,713364,5818,101205,294,294,0,0,0,6,16,5,10,0,2,0,0,0,0,4,572914,0,8,1,34,2235,230061,5326,0,1,23398,18395,3384,3921,408,90,431,126,25,115,115,114,1203,242,2108462,217,5,131,5,383773,383724,136,18,5,6,12,570973,367773,9,11,232,24,17,5,6,1,107,709014,359,0,105,1,1,6,5,0,0,5,1,1,0,2
827.522,1663779814300,5.013489918,1,2.1,30.0,0.0,67.6,0.0,0.0,0.3,119,1,68,0,2,525608,110712,311752,713508,5666,100726,56,56,0,0,0,5,7,5,2,0,1,0,0,0,0,13,568285,0,11,1,10,1843,238185,5123,0,1,22976,17949,5455,5816,1186,363,1194,315,9,109,109,107,2386,889,2093206,215,12,130,44,371507,371453,129,16,12,11,24,566433,354934,13,18,231,28,20,7,13,1,100,702889,345,0,80,1,0,0,23,1,3,26,1,0,0,1
832.535,1663779820995,5.012729303,1,18.7,26.3,0.0,54.4,0.0,0.0,0.6,119,1,68,0,2,525540,110776,311756,713448,6646,100566,56,56,0,0,0,5,7,5,2,0,1,0,0,0,0,10,553371,0,14,1,10,2447,217614,5434,0,1,23406,18378,4563,4727,720,37,751,63,9,115,115,120,1492,420,1984733,227,8,131,7,376560,376507,135,16,8,9,20,551383,360491,13,15,252,42,20,8,9,2,106,679866,372,0,78,1,0,0,12,0,1,13,1,0,0,1
837.548,1663779827665,5.012895973,1,2.7,30.1,0.0,66.3,0.0,0.0,0.9,118,2,67,0,2,524996,111312,311764,712912,6209,101333,294,294,0,0,0,7,9,7,2,0,1,0,0,0,0,4,543478,0,12,2,11,568,207701,5137,0,1,23444,18430,3392,3543,407,153,432,63,9,118,118,119,1199,244,1941268,222,5,131,5,376632,376586,133,16,5,6,12,541600,360560,9,11,242,24,18,5,6,1,109,661259,353,0,78,1,0,0,5,0,2,7,1,0,0,1
842.561,1663779834343,5.013283318,1,2.9,28.2,0.0,68.5,0.0,0.0,0.3,118,1,68,0,2,524956,111308,311808,712892,7971,102533,56,56,0,0,0,5,7,5,2,14,1,0,0,0,0,13,541877,0,22,1,10,1520,209671,5679,0,1,24703,19154,14856,15375,3443,1326,3461,945,8,124,124,117,7111,2606,1981868,245,36,130,46,381404,381318,146,14,35,41,59,539865,357004,22,46,268,32,37,10,41,2,104,622727,398,0,88,1,0,0,56,0,0,56,1,1,1,2
847.574,1663779841031,5.013241086,1,18.6,25.7,0.0,55.1,0.0,0.0,0.6,118,1,68,0,2,525580,110664,311828,713536,6319,101687,56,56,0,0,0,5,7,5,2,0,1,0,0,0,0,6,562396,0,9,2,11,2331,223074,5339,0,1,23317,18318,4563,5048,716,37,766,126,9,115,115,113,1486,413,2022207,227,8,131,7,380094,380042,139,16,8,9,20,560446,364110,13,15,247,40,21,8,9,2,106,680598,349,0,81,1,0,0,11,0,0,11,1,0,0,1
852.587,1663779847738,5.013416925,1,2.5,29.1,0.0,68.1,0.0,0.0,0.3,118,1,68,0,2,525548,110688,311836,713508,5946,101307,294,294,0,0,0,5,10,5,5,0,2,0,0,0,0,5,585221,0,10,1,18,2911,244397,5269,0,1,23413,18396,3375,3893,404,153,431,63,15,117,117,116,1213,265,2148662,221,5,131,5,381605,381557,134,17,5,6,12,583217,365576,9,11,235,24,17,5,6,1,108,727436,345,0,89,1,2,6,7,1,3,10,1,1,0,2
857.602,1663779854418,5.014791244,1,2.5,31.1,0.0,66.4,0.0,0.0,0.0,118,1,68,0,2,526240,110000,311832,714192,5634,98639,56,56,0,0,0,5,7,5,2,0,1,0,0,0,0,10,533365,0,8,1,11,2923,204100,5185,0,1,23033,17979,4728,5226,1055,104,1070,126,9,108,108,105,2065,783,1926011,213,10,130,44,370483,370429,128,15,10,11,21,531335,354322,12,16,232,26,20,5,11,1,99,649881,336,0,81,1,0,0,22,0,1,23,1,0,0,1
862.616,1663779861120,5.013883815,1,15.9,30.2,0.0,53.7,0.0,0.0,0.3,118,1,68,0,2,525060,111172,311840,713028,11576,106332,9035,9035,0,0,0,7,11,7,4,1,2,0,0,0,0,10,577903,0,14,1,16,2563,234940,5599,3,1,23681,18622,5284,5439,937,105,962,63,13,163,164,155,1873,598,2090651,265,9,135,9,384440,384386,161,18,9,10,22,575884,367556,14,16,290,44,46,19,10,4,143,696241,396,0,88,1,1,0,13,0,2,15,1,1,1,2
867.63,1663779867829,5.013881639,1,2.6,31.5,0.0,64.8,0.0,0.0,1.1,118,1,68,0,2,526020,110212,311840,713988,5922,102248,294,294,0,0,0,5,7,5,2,4,1,0,0,0,0,5,577721,0,8,1,11,729,247148,5577,0,1,23879,18660,4070,4563,559,42,582,0,152,116,116,115,1450,327,2167048,219,9,134,5,372948,372898,220,16,9,10,16,575741,355742,10,16,403,25,147,5,10,1,108,701634,529,0,138,1,0,0,6,0,0,6,1,1,1,2
872.644,1663779874539,5.014113576,1,3.0,28.5,0.0,68.5,0.0,0.0,0.0,118,1,68,0,2,524964,111264,311844,712932,5704,100675,56,56,0,0,0,5,7,5,2,0,1,0,0,0,0,16,523026,0,7,1,11,1455,206595,5314,0,1,23345,18287,6833,6997,1458,371,1476,0,9,107,107,108,2935,1055,1900082,211,14,131,44,360236,360179,127,16,14,16,31,520940,342283,16,21,231,27,21,5,16,1,101,621944,360,0,82,1,0,0,27,0,0,27,1,0,0,1
877.656,1663779881275,5.012372773,1,2.6,28.6,0.0,68.5,0.0,0.0,0.3,118,1,68,0,2,525960,110280,311832,713932,15656,230593,378,378,0,0,0,5,7,5,2,0,1,0,0,0,0,18,586646,0,16,2,10,3355,244237,5648,0,1,24079,18422,10111,10952,2134,402,2146,315,8,120,120,117,4844,1490,2153572,235,22,130,9,387255,387187,137,14,21,29,43,584682,367097,20,34,258,44,21,10,28,2,106,719611,384,0,78,1,0,0,36,0,0,36,1,0,0,1
882.669,1663779894277,5.012662281,1,2.4,28.4,0.0,69.2,0.0,0.0,0.0,118,1,68,0,2,525660,110588,311824,713624,5910,99632,56,56,0,0,0,5,7,5,2,0,1,0,0,0,0,15,550829,0,7,1,12,2927,209502,5324,0,1,23389,18322,6839,7396,1451,308,1473,63,9,108,108,109,2932,1043,1972214,213,14,130,44,384099,384046,128,15,14,16,30,549213,366169,16,21,232,29,21,5,16,1,102,642165,343,0,83,1,0,0,27,1,3,30,1,0,0,1
887.683,1663779900899,5.013649320,1,17.8,32.9,0.0,49.0,0.0,0.0,0.3,118,1,68,0,2,525792,110456,311824,713760,6188,100668,56,56,0,0,0,7,10,7,3,2,2,0,0,0,0,7,573495,0,11,1,13,2893,231614,5378,2,1,23463,18430,4572,5107,721,37,759,0,10,116,116,113,1488,434,2112954,229,8,132,6,383711,383665,139,15,8,9,20,572094,367758,13,15,244,36,18,8,9,2,103,696706,341,0,82,1,1,0,13,0,3,16,1,1,1,2
892.696,1663779907567,5.013264966,1,2.5,33.9,0.0,63.3,0.0,0.0,0.3,118,1,68,0,2,525548,110680,311844,713532,5976,101384,294,294,0,0,0,5,7,5,2,0,1,0,0,0,0,3,552757,0,13,1,11,2932,209878,5161,0,1,23406,18406,4105,4615,532,34,545,0,9,120,120,117,1527,335,1923506,227,7,131,5,384109,384066,138,13,7,8,15,550761,367629,10,13,242,26,18,7,8,1,109,667044,352,0,83,1,0,0,9,0,0,9,1,0,0,1
897.71,1663779914230,5.013684875,1,2.9,29.8,0.0,67.3,0.0,0.0,0.0,118,1,68,0,2,525856,110392,311824,713828,5734,100777,56,56,0,0,0,5,7,5,2,0,1,0,0,0,0,10,538940,0,9,1,11,2834,207265,5173,0,1,23353,18292,6832,7003,1455,434,1478,189,9,108,108,107,2929,1054,1960929,213,14,130,44,374365,374310,128,15,14,16,30,537290,356475,16,21,233,27,21,5,16,1,101,649560,352,0,81,1,0,0,25,0,0,25,1,0,0,1
902.723,1663779920896,5.013376616,1,17.1,26.7,0.0,55.3,0.0,0.0,0.8,118,1,68,0,2,525304,110932,311836,713288,6116,101567,56,56,0,0,0,5,7,5,2,0,1,0,0,0,0,7,557329,0,7,1,11,2920,210552,5151,0,1,23440,18405,4539,4998,729,101,756,63,8,117,116,114,1487,413,1958154,229,8,131,7,387554,387504,134,13,8,8,20,555533,371253,13,15,242,36,19,8,9,2,106,691204,322,0,75,1,0,0,9,0,0,9,1,0,0,1
907.736,1663779927550,5.013196274,1,2.5,24.8,0.0,72.3,0.0,0.0,0.3,118,1,68,0,2,525880,110348,311844,713872,7446,118283,294,294,0,0,0,6,16,5,10,0,2,0,0,0,0,4,571263,0,12,2,12,1902,229366,5474,0,1,23759,18581,4289,4802,545,41,558,0,146,119,119,120,1532,336,2047576,225,7,134,5,383911,383859,210,14,7,8,15,569377,366968,11,14,380,29,125,7,8,1,110,695684,516,0,130,1,0,6,8,0,0,8,1,1,0,2
912.75,1663779934999,5.013627745,1,4.0,26.2,0.0,69.5,0.0,0.0,0.3,118,1,68,0,2,525832,110392,311848,713828,6092,101115,56,56,0,0,0,7,11,7,4,1,2,0,0,0,0,19,567358,0,12,1,14,2228,231102,5404,2,1,23393,18326,7584,7707,1588,377,1596,63,12,112,112,108,3264,1151,2095621,221,16,131,44,379331,379271,130,11,16,18,34,565408,360990,17,23,243,29,25,7,18,1,100,688808,349,0,85,1,1,0,32,1,5,37,1,2,2,2
917.764,1663779941680,5.014122345,1,5.7,30.5,0.0,63.8,0.0,0.0,0.0,118,1,68,0,2,525132,111084,311856,713136,8148,99643,84,84,0,0,0,5,7,5,2,1,1,0,0,0,0,15,574612,0,19,2,11,3892,245864,5948,0,1,24706,19239,14970,15209,3221,874,2987,504,9,128,128,122,6826,2420,2170472,251,28,129,20,379019,378940,147,15,28,33,55,572595,354532,24,38,282,48,49,13,34,3,109,677192,403,0,82,1,0,0,43,0,1,44,1,0,0,1
922.778,1663779948373,5.013778100,1,3.0,28.0,0.0,68.8,0.0,0.0,0.3,118,1,68,0,2,525864,110360,311848,713860,5818,100162,266,266,0,0,0,5,7,5,2,0,1,0,0,0,0,5,580926,0,7,1,11,1683,240102,5302,0,1,23486,18475,3553,3715,426,216,460,189,9,115,115,114,1207,252,2131120,219,5,131,5,381792,381740,131,15,5,6,12,578839,365490,9,11,233,31,17,5,6,1,108,724542,342,0,78,1,0,0,8,0,0,8,1,0,0,1
927.793,1663779955080,5.014875091,1,2.6,24.2,0.0,73.2,0.0,0.0,0.0,118,1,68,0,2,525704,110512,311856,713708,5949,102027,84,84,0,0,0,5,7,5,2,0,1,0,0,0,0,12,556674,0,14,1,11,2912,219442,5392,0,1,23400,18337,7568,7718,1576,251,1580,189,9,113,113,111,3265,1131,2027432,221,16,130,44,380300,380244,136,15,16,18,34,554531,361872,17,23,242,29,22,7,18,1,103,664134,365,0,83,1,0,0,26,0,0,26,1,0,0,1
932.806,1663779961817,5.013265651,1,4.0,27.9,0.0,67.8,0.0,0.0,0.3,117,1,67,0,2,525384,110804,311884,713404,6409,97254,84,84,0,0,0,5,7,5,2,0,1,0,0,0,0,12,548160,0,10,1,11,600,218969,5310,0,1,22289,17508,5791,5703,1186,109,936,0,9,112,112,113,2295,831,1986683,219,11,124,18,369787,369734,131,15,11,11,25,546408,353128,14,16,248,44,31,8,12,2,102,673114,359,0,80,1,0,0,11,0,0,11,1,0,0,1
937.819,1663779968558,5.013192395,1,2.8,29.2,0.0,68.0,0.0,0.0,0.0,118,1,68,0,2,525452,110712,311908,713492,6098,101511,266,266,0,0,0,5,9,5,4,5,2,0,0,0,0,5,614616,0,13,2,17,516,272373,5597,2,1,23635,18593,4061,4212,565,35,590,63,13,118,118,117,1450,345,2308597,225,9,131,5,383753,383703,136,18,9,10,17,612714,366986,9,15,242,31,17,5,10,1,108,773134,362,0,89,1,1,0,7,1,3,10,1,2,2,2
942.833,1663779975269,5.013762832,1,2.5,31.2,0.0,65.9,0.0,0.0,0.3,118,1,68,0,2,524792,111372,311908,712832,5764,101897,84,84,0,0,0,7,9,7,2,0,1,0,0,0,0,14,538116,0,13,1,11,1146,206774,5474,0,1,23406,18337,7567,7720,1588,441,1591,252,9,112,112,110,3262,1133,1959096,219,16,131,44,374567,374504,131,16,16,18,34,536129,356124,17,23,240,29,21,7,18,1,102,643309,355,0,82,1,0,0,28,0,2,30,1,0,0,1
947.846,1663779981995,5.013478225,1,4.4,31.0,0.0,64.2,0.0,0.0,0.3,118,1,68,0,2,525768,110368,311936,713832,6192,101817,84,84,0,0,0,5,7,5,2,8,1,0,0,0,0,12,534508,0,10,2,10,2928,206752,5450,0,1,23687,18597,6594,6788,1376,181,1062,126,8,117,117,114,2587,979,1930697,229,15,131,46,371812,371754,138,14,15,15,29,532501,353629,14,20,257,42,31,8,17,2,106,654038,363,0,79,1,0,0,22,0,0,22,1,0,0,1
952.86,1663779988661,5.013525438,1,2.2,29.0,0.0,68.8,0.0,0.0,0.0,118,1,68,0,2,524780,111336,311956,712856,15658,234456,378,378,0,0,0,5,7,5,2,0,1,0,0,0,0,14,606126,0,14,1,11,3368,260136,5522,0,1,24229,18551,8998,10223,1929,518,1865,315,9,120,120,117,4558,1449,2273031,231,18,131,7,390352,390274,141,15,18,25,35,603937,370060,16,30,247,35,24,7,24,1,108,748295,365,0,80,1,0,0,39,0,0,39,1,0,0,1
957.873,1663780002155,5.012570607,1,3.6,26.6,0.0,69.2,0.0,0.0,0.6,118,1,68,0,2,525264,110880,311928,713328,6070,101246,84,84,0,0,0,5,10,5,5,0,2,0,0,0,0,15,555932,0,7,1,16,2673,211677,5437,0,1,23640,18536,7463,7637,1541,311,1567,126,15,113,113,114,3081,1096,1968792,223,16,131,46,387623,387561,135,15,15,17,32,553907,369010,17,22,253,42,31,8,17,2,105,669514,369,0,85,1,2,5,31,1,3,34,1,2,1,2
962.886,1663780008823,5.013160474,1,2.7,27.1,0.0,70.2,0.0,0.0,0.0,118,1,68,0,2,525704,110436,311932,713772,5808,101127,161,161,0,0,0,7,9,7,2,0,1,0,0,0,0,3,585147,0,7,1,11,1446,233483,5006,0,1,23014,18013,2012,2214,256,21,285,0,9,108,108,108,514,143,2097256,213,3,131,5,389894,389849,132,16,3,3,9,583272,376015,8,9,228,31,13,5,3,1,102,747781,328,0,75,1,0,0,6,0,2,8,1,0,0,1
967.902,1663780015505,5.015670686,1,1.2,0.5,0.0,98.3,0.0,0.0,0.0,116,1,67,0,2,526748,109336,311988,714884,3263,46411,399,399,0,0,0,5,8,5,3,6,2,0,0,0,4,6,282892,0,13,18,11,491,120301,3174,0,1,10036,7957,9150,10461,1853,385,2247,315,9,65,66,67,3843,1301,1108988,113,19,62,67,186347,186280,87,17,19,33,41,280869,173687,18,32,161,88,41,10,23,2,57,318674,369,0,105,1,0,0,47,0,0,47,1,0,0,1
972.914,1663780022181,5.011783828,1,0.0,2.1,0.0,97.9,0.0,0.0,0.0,115,1,66,0,2,526888,109188,311996,715028,1655,3384,84,84,0,0,0,5,7,5,2,0,1,0,0,0,6,5,1826,0,9,1,10,358,5167,1270,0,1,1517,1322,5770,6244,1235,102,1262,63,9,25,25,24,2360,875,114074,47,11,22,40,6555,6542,45,16,11,13,24,1819,958,15,18,78,42,35,8,13,2,16,2232,294,0,110,1,0,0,23,0,1,24,1,0,0,1
977.93,1663780028783,5.015791996,1,0.7,0.5,0.0,98.8,0.0,0.0,0.0,115,1,67,0,1,526580,109500,311992,714716,1981,4845,686,686,0,0,0,5,7,5,2,6,1,0,0,0,2,1,1724,0,7,2,9,337,4947,902,0,1,1020,854,2281,3572,370,81,632,0,9,23,23,23,737,194,103228,35,5,21,5,3106,3072,39,16,4,12,8,1687,886,9,12,55,35,21,5,3,1,17,2095,243,0,114,1,0,0,5,0,0,5,1,0,0,1
982.946,1663780035433,5.015516769,1,0.5,1.0,0.0,98.6,0.0,0.0,0.0,116,1,67,0,1,526492,109584,311996,714628,1226,2837,84,84,0,0,0,5,11,5,6,0,2,0,0,0,5,8,1812,0,12,1,14,375,5122,1142,0,1,1280,1117,5319,5832,1197,101,1224,126,17,20,20,21,2370,874,113085,35,10,21,38,5966,5952,41,16,10,13,24,1799,948,15,18,57,29,21,5,13,1,11,2277,267,0,115,1,2,6,21,1,3,24,1,2,1,2
987.962,1663780042046,5.015753674,1,0.7,0.7,0.0,98.6,0.0,0.0,0.0,115,1,67,0,1,526320,109744,312008,714472,1782,3697,84,84,0,0,0,5,7,5,2,0,1,0,0,0,7,5,1828,0,10,1,13,378,5175,1239,0,1,1559,1364,5922,6517,1286,230,1318,315,9,26,26,27,2516,909,109353,47,11,22,40,6616,6602,49,15,11,14,26,1816,959,16,19,80,42,35,8,14,2,17,2233,286,0,117,1,0,0,22,0,0,22,1,0,0,1
992.978,1663780048675,5.015728342,1,1.0,1.0,0.0,98.1,0.0,0.0,0.0,116,2,66,0,1,526560,109524,311988,714700,4114,8527,791,791,0,0,0,7,10,7,3,7,2,0,0,0,8,12,2002,0,24,1,11,1370,5313,1496,3,1,2881,2212,15510,15805,3303,863,3326,756,10,54,54,49,7669,2446,147292,81,32,22,29,13444,13408,66,16,30,39,48,1962,1013,23,45,113,50,51,12,36,2,34,2244,302,0,117,1,1,0,60,0,2,62,1,1,1,2
997.994,1663780055291,5.015545980,1,0.2,1.4,0.0,98.3,0.0,0.0,0.0,116,1,67,0,1,526676,109368,312028,714844,816,2683,84,84,0,0,0,5,7,5,2,4,1,0,0,0,10,11,2125,0,9,1,10,489,5417,1395,0,1,1749,1391,5955,6515,1336,368,1364,63,104,19,19,18,2609,970,116338,33,14,24,38,7231,7214,95,16,14,21,28,2120,1131,16,23,171,28,111,5,17,1,11,2367,428,0,155,1,0,0,22,0,0,22,1,0,0,1
1003.01,1663780061916,5.011356628,1,0.7,1.0,0.0,98.3,0.0,0.0,0.0,116,1,67,0,1,526668,109336,312068,714852,1044,3048,84,84,0,0,0,5,7,5,2,0,1,0,0,0,7,3,1772,0,8,1,11,344,5065,1035,0,1,1451,1279,5677,5842,1218,227,1244,126,9,22,22,21,2361,877,111255,39,10,22,40,6474,6461,41,15,10,13,24,1764,926,15,18,67,41,31,5,13,1,15,2133,268,0,109,1,0,0,25,0,0,25,1,0,0,1
1008.03,1663780068506,5.015362715,1,0.2,1.4,0.0,98.3,0.0,0.0,0.0,116,1,67,0,1,526316,109696,312060,714504,2332,6017,791,791,0,0,0,5,7,5,2,10,1,0,0,0,2,1,1834,0,11,2,12,375,5117,1199,0,1,1393,1191,6344,6829,1247,234,1254,126,8,40,40,42,3277,865,115877,49,15,21,27,6199,6184,44,14,15,17,20,1823,951,13,23,77,46,36,7,17,1,34,2213,265,0,115,1,0,0,27,0,0,27,1,0,0,1
1013.05,1663780075108,5.015454676,1,0.7,1.4,0.0,97.8,0.0,0.0,0.0,116,1,66,0,1,526172,109824,312076,714372,822,2789,56,56,0,0,0,5,7,5,2,0,1,0,0,0,5,5,1766,0,7,1,12,336,5020,1017,0,1,1201,1052,5284,5765,1188,100,1212,63,9,17,17,16,2368,883,106969,31,10,21,38,5927,5913,37,16,10,13,24,1751,916,15,18,50,27,21,5,13,1,11,2203,246,0,110,1,0,0,20,1,3,23,1,0,0,1
1018.07,1663780081764,5.017727031,1,0.7,0.7,0.0,98.6,0.0,0.0,0.0,116,1,66,0,1,525944,110064,312064,714136,1044,3048,84,84,0,0,0,5,6,0,1,0,1,0,0,0,6,7,1736,0,8,0,10,348,5055,1004,0,1,1282,1163,5274,5509,1137,287,864,126,6,22,22,21,2161,793,110530,39,10,22,18,6030,6020,43,11,10,10,20,1732,918,13,15,68,41,32,5,11,1,15,2189,256,0,112,1,0,0,14,0,0,14,1,0,0,1
1023.09,1663780088438,5.015402454,1,0.2,1.0,0.0,98.8,0.0,0.0,0.0,115,1,66,0,1,526408,109596,312068,714604,1995,6091,791,791,0,0,0,8,11,7,3,11,2,0,0,0,4,4,1843,0,14,1,15,374,5136,1162,2,1,1417,1214,6340,6832,1248,360,1253,189,11,42,42,42,3279,867,115835,53,15,22,27,6174,6158,54,17,15,17,20,1833,962,13,23,83,44,36,7,17,1,34,2241,268,0,129,1,1,0,27,0,2,29,1,1,1,2
